project	sample_date	read_date	media	incubation_temperature	id	dilution_factor	plaque_count	sample_vol_uL	PFU_per_mL	Famp_stock_generation_date	MS2_stock_generation_date	culturing_notes
grazing	4/19/23	04/20/2023	TSA	15.00	B-1-F-M-T0	1.00E+05	0	300	0.00E+00			
grazing	4/19/23	04/20/2023	TSA	15.00	B-1-F-M-T0	1.00E+04	10	300	3.33E+05
grazing	4/19/23	04/20/2023	TSA	15.00	B-1-F-M-T0	1.00E+03	55	300	1.83E+05
grazing	4/19/23	04/20/2023	TSA	15.00	B-1-F-M-T0	1.00E+02	TNTC	300	TNTC
grazing	4/19/23	04/20/2023	TSA	15.00	B-1-F-M-T0	1.00E+01	TNTC	300	TNTC
grazing	4/19/23	04/20/2023	TSA	15.00	B-2-F-M-T0	1.00E+05	0	300	0.00E+00
grazing	4/19/23	04/20/2023	TSA	15.00	B-2-F-M-T0	1.00E+04	4	300	1.33E+05
grazing	4/19/23	04/20/2023	TSA	15.00	B-2-F-M-T0	1.00E+03	31	300	1.03E+05
grazing	4/19/23	04/20/2023	TSA	15.00	B-2-F-M-T0	1.00E+02	364	300	1.21E+05
grazing	4/19/23	04/20/2023	TSA	15.00	B-2-F-M-T0	1.00E+01	TNTC	300	TNTC
grazing	4/19/23	04/20/2023	TSA	15.00	B-1-25-M-T0	1.00E+05	1	300	3.33E+05
grazing	4/19/23	04/20/2023	TSA	15.00	B-1-25-M-T0	1.00E+04	11	300	3.67E+05
grazing	4/19/23	04/20/2023	TSA	15.00	B-1-25-M-T0	1.00E+03	182	300	6.07E+05
grazing	4/19/23	04/20/2023	TSA	15.00	B-1-25-M-T0	1.00E+02	TNTC	300	TNTC
grazing	4/19/23	04/20/2023	TSA	15.00	B-1-25-M-T0	1.00E+01	TNTC	300	TNTC
grazing	4/19/23	04/21/2023	TSA	15.00	B-2-25-M-T0	1.00E+04	0	300	0.00E+00			did not add famp day 0
grazing	4/19/23	04/21/2023	TSA	15.00	B-2-25-M-T0	1.00E+03	6	300	2.00E+04			did not add famp day 0
grazing	4/19/23	04/21/2023	TSA	15.00	B-2-25-M-T0	1.00E+02	77	300	2.57E+04			did not add famp day 0
grazing	4/19/23	04/21/2023	TSA	15.00	B-2-25-M-T0	1.00E+01	TNTC	300	TNTC			did not add famp day 0
grazing	4/19/23	04/21/2023	TSA	15.00	B-2-25-M-T0	1.00E+00	TNTC	300	TNTC
grazing	4/19/23	04/20/2023	TSA	15.00	B-1-50-M-T0	1.00E+05	1	300	3.33E+05
grazing	4/19/23	04/20/2023	TSA	15.00	B-1-50-M-T0	1.00E+04	16	300	5.33E+05
grazing	4/19/23	04/20/2023	TSA	15.00	B-1-50-M-T0	1.00E+03	238	300	7.93E+05
grazing	4/19/23	04/20/2023	TSA	15.00	B-1-50-M-T0	1.00E+02	TNTC	300	TNTC
grazing	4/19/23	04/20/2023	TSA	15.00	B-1-50-M-T0	1.00E+01	TNTC	300	TNTC
grazing	4/19/23	04/20/2023	TSA	15.00	B-2-50-M-T0	1.00E+05	3	300	1.00E+06
grazing	4/19/23	04/20/2023	TSA	15.00	B-2-50-M-T0	1.00E+04	28	300	9.33E+05
grazing	4/19/23	04/20/2023	TSA	15.00	B-2-50-M-T0	1.00E+03	260	300	8.67E+05
grazing	4/19/23	04/20/2023	TSA	15.00	B-2-50-M-T0	1.00E+02	TNTC	300	TNTC
grazing	4/19/23	04/20/2023	TSA	15.00	B-2-50-M-T0	1.00E+01	TNTC	300	TNTC
grazing	4/19/23	04/20/2023	TSA	15.00	B-1-75-M-T0	1.00E+05	2	300	6.67E+05
grazing	4/19/23	04/20/2023	TSA	15.00	B-1-75-M-T0	1.00E+04	23	300	7.67E+05
grazing	4/19/23	04/20/2023	TSA	15.00	B-1-75-M-T0	1.00E+03	264	300	8.80E+05
grazing	4/19/23	04/20/2023	TSA	15.00	B-1-75-M-T0	1.00E+02	TNTC	300	TNTC
grazing	4/19/23	04/20/2023	TSA	15.00	B-1-75-M-T0	1.00E+01	TNTC	300	TNTC
grazing	4/19/23	04/20/2023	TSA	15.00	B-2-75-M-T0	1.00E+05	2	300	6.67E+05
grazing	4/19/23	04/20/2023	TSA	15.00	B-2-75-M-T0	1.00E+04	17	300	5.67E+05
grazing	4/19/23	04/20/2023	TSA	15.00	B-2-75-M-T0	1.00E+03	220	300	7.33E+05
grazing	4/19/23	04/20/2023	TSA	15.00	B-2-75-M-T0	1.00E+02	TNTC	300	TNTC
grazing	4/19/23	04/20/2023	TSA	15.00	B-2-75-M-T0	1.00E+01	TNTC	300	TNTC
grazing	4/19/23	04/20/2023	TSA	15.00	B-1-R-M-T0	1.00E+05	4	300	1.33E+06
grazing	4/19/23	04/20/2023	TSA	15.00	B-1-R-M-T0	1.00E+04	13	300	4.33E+05
grazing	4/19/23	04/20/2023	TSA	15.00	B-1-R-M-T0	1.00E+03	271	300	9.03E+05
grazing	4/19/23	04/20/2023	TSA	15.00	B-1-R-M-T0	1.00E+02	TNTC	300	TNTC
grazing	4/19/23	04/20/2023	TSA	15.00	B-1-R-M-T0	1.00E+01	TNTC	300	TNTC
grazing	4/19/23	04/21/2023	TSA	15.00	B-2-R-M-T0	1.00E+04	0	300	0.00E+00			did not add famp day 0
grazing	4/19/23	04/21/2023	TSA	15.00	B-2-R-M-T0	1.00E+03	12	300	4.00E+04			did not add famp day 0
grazing	4/19/23	04/21/2023	TSA	15.00	B-2-R-M-T0	1.00E+02	95	300	3.17E+04			did not add famp day 0
grazing	4/19/23	04/21/2023	TSA	15.00	B-2-R-M-T0	1.00E+01	TNTC	300	TNTC			did not add famp day 0
grazing	4/19/23	04/21/2023	TSA	15.00	B-2-R-M-T0	1.00E+00	TNTC	300	TNTC
grazing	4/19/23	04/20/2023	TSA	NA	B-TSA-F-U-T0	1.00E+00	0	300	0.00E+00
grazing	4/19/23	04/20/2023	TSA	NA	B-TSA-R-U-T0	1.00E+02	0	300	0.00E+00
grazing	4/19/23	04/20/2023	TSA	NA	B-TSA-R-U-T0	1.00E+01	0	300	0.00E+00
grazing	4/19/23	04/20/2023	TSA	NA	B-TSA-R-U-T0	1.00E+00	0	300	0.00E+00
grazing	4/19/23	04/20/2023	TSA	NA	-TSA-N-U-T0	1.00E+00	0	300	0.00E+00
grazing	4/19/23	04/20/2023	TSA	NA	-TSA-M-	1.00E+09	21	300	7.00E+10
grazing	4/19/23	04/20/2023	TSA	NA	-TSA-M-	1.00E+08	72	300	2.40E+10
grazing	4/19/23	04/20/2023	TSA	NA	-TSA-M-	1.00E+07	TNTC	300	TNTC
grazing	4/19/23	04/20/2023	TSA	NA	-TSA-N-U-	1.00E+00	0	300	0.00E+00
grazing	4/19/23	04/20/2023	TSA	NA	-TSA-F-	1.00E+00	0	300	0.00E+00
grazing	4/20/23	04/21/2023	TSA	15.00	B-1-F-M-T1	1.00E+04	0	300	0.00E+00
grazing	4/20/23	04/21/2023	TSA	15.00	B-1-F-M-T1	1.00E+03	2	300	6.67E+03
grazing	4/20/23	04/21/2023	TSA	15.00	B-1-F-M-T1	1.00E+02	10	300	3.33E+03
grazing	4/20/23	04/21/2023	TSA	15.00	B-1-F-M-T1	1.00E+01	144	300	4.80E+03
grazing	4/20/23	04/21/2023	TSA	15.00	B-1-F-M-T1	1.00E+00	TNTC	300	TNTC
grazing	4/20/23	04/21/2023	TSA	15.00	B-2-F-M-T1	1.00E+04	0	300	0.00E+00
grazing	4/20/23	04/21/2023	TSA	15.00	B-2-F-M-T1	1.00E+03	2	300	6.67E+03
grazing	4/20/23	04/21/2023	TSA	15.00	B-2-F-M-T1	1.00E+02	65	300	2.17E+04
grazing	4/20/23	04/21/2023	TSA	15.00	B-2-F-M-T1	1.00E+01	TNTC	300	TNTC
grazing	4/20/23	04/21/2023	TSA	15.00	B-2-F-M-T1	1.00E+00	TNTC	300	TNTC
grazing	4/20/23	04/21/2023	TSA	15.00	B-1-25-M-T1	1.00E+04	0	300	0.00E+00
grazing	4/20/23	04/21/2023	TSA	15.00	B-1-25-M-T1	1.00E+03	12	300	4.00E+04
grazing	4/20/23	04/21/2023	TSA	15.00	B-1-25-M-T1	1.00E+02	60	300	2.00E+04
grazing	4/20/23	04/21/2023	TSA	15.00	B-1-25-M-T1	1.00E+01	TNTC	300	TNTC
grazing	4/20/23	04/21/2023	TSA	15.00	B-1-25-M-T1	1.00E+00	TNTC	300	TNTC
grazing	4/20/23	04/22/2023	TSA	15.00	B-2-25-M-T1	1.00E+02	5	300	1.67E+03			did not add famp day 0
grazing	4/20/23	04/22/2023	TSA	15.00	B-2-25-M-T1	1.00E+01	82	300	2.73E+03			did not add famp day 0
grazing	4/20/23	04/22/2023	TSA	15.00	B-2-25-M-T1	1.00E+00	TNTC	300	TNTC			did not add famp day 0
grazing	4/20/23	04/21/2023	TSA	15.00	B-1-50-M-T1	1.00E+04	1	300	3.33E+04
grazing	4/20/23	04/21/2023	TSA	15.00	B-1-50-M-T1	1.00E+03	7	300	2.33E+04
grazing	4/20/23	04/21/2023	TSA	15.00	B-1-50-M-T1	1.00E+02	121	300	4.03E+04
grazing	4/20/23	04/21/2023	TSA	15.00	B-1-50-M-T1	1.00E+01	TNTC	300	TNTC
grazing	4/20/23	04/21/2023	TSA	15.00	B-1-50-M-T1	1.00E+00	TNTC	300	TNTC
grazing	4/20/23	04/21/2023	TSA	15.00	B-2-50-M-T1	1.00E+04	1	300	3.33E+04
grazing	4/20/23	04/21/2023	TSA	15.00	B-2-50-M-T1	1.00E+03	12	300	4.00E+04
grazing	4/20/23	04/21/2023	TSA	15.00	B-2-50-M-T1	1.00E+02	154	300	5.13E+04
grazing	4/20/23	04/21/2023	TSA	15.00	B-2-50-M-T1	1.00E+01	TNTC	300	TNTC
grazing	4/20/23	04/21/2023	TSA	15.00	B-2-50-M-T1	1.00E+00	TNTC	300	TNTC
grazing	4/20/23	04/21/2023	TSA	15.00	B-1-75-M-T1	1.00E+04	1	300	3.33E+04
grazing	4/20/23	04/21/2023	TSA	15.00	B-1-75-M-T1	1.00E+03	2	300	6.67E+03
grazing	4/20/23	04/21/2023	TSA	15.00	B-1-75-M-T1	1.00E+02	77	300	2.57E+04
grazing	4/20/23	04/21/2023	TSA	15.00	B-1-75-M-T1	1.00E+01	TNTC	300	TNTC
grazing	4/20/23	04/21/2023	TSA	15.00	B-1-75-M-T1	1.00E+00	TNTC	300	TNTC
grazing	4/20/23	04/21/2023	TSA	15.00	B-2-75-M-T1	1.00E+04	0	300	0.00E+00
grazing	4/20/23	04/21/2023	TSA	15.00	B-2-75-M-T1	1.00E+03	4	300	1.33E+04
grazing	4/20/23	04/21/2023	TSA	15.00	B-2-75-M-T1	1.00E+02	92	300	3.07E+04
grazing	4/20/23	04/21/2023	TSA	15.00	B-2-75-M-T1	1.00E+01	TNTC	300	TNTC
grazing	4/20/23	04/21/2023	TSA	15.00	B-2-75-M-T1	1.00E+00	TNTC	300	TNTC
grazing	4/20/23	04/21/2023	TSA	15.00	B-1-R-M-T1	1.00E+04	10	300	3.33E+05
grazing	4/20/23	04/21/2023	TSA	15.00	B-1-R-M-T1	1.00E+03	31	300	1.03E+05
grazing	4/20/23	04/21/2023	TSA	15.00	B-1-R-M-T1	1.00E+02	202	300	6.73E+04
grazing	4/20/23	04/21/2023	TSA	15.00	B-1-R-M-T1	1.00E+01	TNTC	300	TNTC
grazing	4/20/23	04/21/2023	TSA	15.00	B-1-R-M-T1	1.00E+00	TNTC	300	TNTC
grazing	4/20/23	04/22/2023	TSA	15.00	B-2-R-M-T1	1.00E+02	1	300	3.33E+02			did not add famp day 0
grazing	4/20/23	04/22/2023	TSA	15.00	B-2-R-M-T1	1.00E+01	81	300	2.70E+03			did not add famp day 0
grazing	4/20/23	04/22/2023	TSA	15.00	B-2-R-M-T1	1.00E+00	TNTC	300	TNTC			did not add famp day 0
grazing	4/20/23	04/21/2023	TSA	NA	-TSA-N-U-T1	1.00E+00	0	300	0.00E+00
grazing	4/20/23	04/21/2023	TSA	NA	-TSA-N-U-	1.00E+00	0	300	0.00E+00
grazing	4/21/23	04/22/2023	TSA	15.00	B-1-F-M-T2	1.00E+02	1	300	3.33E+02
grazing	4/21/23	04/22/2023	TSA	15.00	B-1-F-M-T2	1.00E+01	19	300	6.33E+02
grazing	4/21/23	04/22/2023	TSA	15.00	B-1-F-M-T2	1.00E+00	227	300	7.57E+02
grazing	4/21/23	04/22/2023	TSA	15.00	B-2-F-M-T2	1.00E+02	3	300	1.00E+03
grazing	4/21/23	04/22/2023	TSA	15.00	B-2-F-M-T2	1.00E+01	90	300	3.00E+03
grazing	4/21/23	04/22/2023	TSA	15.00	B-2-F-M-T2	1.00E+00	TNTC	300	TNTC
grazing	4/21/23	04/22/2023	TSA	15.00	B-1-25-M-T2	1.00E+02	19	300	6.33E+03
grazing	4/21/23	04/22/2023	TSA	15.00	B-1-25-M-T2	1.00E+01	100	300	3.33E+03
grazing	4/21/23	04/22/2023	TSA	15.00	B-1-25-M-T2	1.00E+00	TNTC	300	TNTC
grazing	4/21/23	04/22/2023	TSA	15.00	B-1-50-M-T2	1.00E+02	16	300	5.33E+03
grazing	4/21/23	04/22/2023	TSA	15.00	B-1-50-M-T2	1.00E+01	144	300	4.80E+03
grazing	4/21/23	04/22/2023	TSA	15.00	B-1-50-M-T2	1.00E+00	TNTC	300	TNTC
grazing	4/21/23	04/22/2023	TSA	15.00	B-2-50-M-T2	1.00E+02	13	300	4.33E+03
grazing	4/21/23	04/22/2023	TSA	15.00	B-2-50-M-T2	1.00E+01	161	300	5.37E+03
grazing	4/21/23	04/22/2023	TSA	15.00	B-2-50-M-T2	1.00E+00	TNTC	300	TNTC
grazing	4/21/23	04/22/2023	TSA	15.00	B-1-75-M-T2	1.00E+02	55	300	1.83E+04
grazing	4/21/23	04/22/2023	TSA	15.00	B-1-75-M-T2	1.00E+01	349	300	1.16E+04
grazing	4/21/23	04/22/2023	TSA	15.00	B-1-75-M-T2	1.00E+00	TNTC	300	TNTC
grazing	4/21/23	04/22/2023	TSA	15.00	B-2-75-M-T2	1.00E+02	11	300	3.67E+03
grazing	4/21/23	04/22/2023	TSA	15.00	B-2-75-M-T2	1.00E+01	305	300	1.02E+04
grazing	4/21/23	04/22/2023	TSA	15.00	B-2-75-M-T2	1.00E+00	TNTC	300	TNTC
grazing	4/21/23	04/22/2023	TSA	15.00	B-1-R-M-T2	1.00E+02	42	300	1.40E+04
grazing	4/21/23	04/22/2023	TSA	15.00	B-1-R-M-T2	1.00E+01	TNTC	300	TNTC
grazing	4/21/23	04/22/2023	TSA	15.00	B-1-R-M-T2	1.00E+00	TNTC	300	TNTC
grazing	4/21/23	04/22/2023	TSA	NA	-TSA-N-U-T2	1.00E+00	0	300	0.00E+00
grazing	4/21/23	04/22/2023	TSA	NA	-TSA-N-U-	1.00E+00	0	300	0.00E+00
grazing	4/26/23	04/27/2023	TSA	15.00	C-1-F-M-T0	1.00E+05	1	300	3.33E+05
grazing	4/26/23	04/27/2023	TSA	15.00	C-1-F-M-T0	1.00E+04	16	300	5.33E+05
grazing	4/26/23	04/27/2023	TSA	15.00	C-1-F-M-T0	1.00E+03	167	300	5.57E+05
grazing	4/26/23	04/27/2023	TSA	15.00	C-1-F-M-T0	1.00E+02	TNTC	300	TNTC
grazing	4/26/23	04/27/2023	TSA	15.00	C-1-F-M-T0	1.00E+01	TNTC	300	TNTC
grazing	4/26/23	04/27/2023	TSA	15.00	C-2-F-M-T0	1.00E+05	0	300	0.00E+00
grazing	4/26/23	04/27/2023	TSA	15.00	C-2-F-M-T0	1.00E+04	19	300	6.33E+05
grazing	4/26/23	04/27/2023	TSA	15.00	C-2-F-M-T0	1.00E+03	287	300	9.57E+05
grazing	4/26/23	04/27/2023	TSA	15.00	C-2-F-M-T0	1.00E+02	TNTC	300	TNTC
grazing	4/26/23	04/27/2023	TSA	15.00	C-2-F-M-T0	1.00E+01	TNTC	300	TNTC
grazing	4/26/23	04/27/2023	TSA	15.00	C-1-25-M-T0	1.00E+05	9	300	3.00E+06
grazing	4/26/23	04/27/2023	TSA	15.00	C-1-25-M-T0	1.00E+04	44	300	1.47E+06
grazing	4/26/23	04/27/2023	TSA	15.00	C-1-25-M-T0	1.00E+03	364	300	1.21E+06
grazing	4/26/23	04/27/2023	TSA	15.00	C-1-25-M-T0	1.00E+02	TNTC	300	TNTC
grazing	4/26/23	04/27/2023	TSA	15.00	C-1-25-M-T0	1.00E+01	TNTC	300	TNTC
grazing	4/26/23	04/27/2023	TSA	15.00	C-2-25-M-T0	1.00E+05	7	300	2.33E+06
grazing	4/26/23	04/27/2023	TSA	15.00	C-2-25-M-T0	1.00E+04	72	300	2.40E+06
grazing	4/26/23	04/27/2023	TSA	15.00	C-2-25-M-T0	1.00E+03	TNTC	300	TNTC
grazing	4/26/23	04/27/2023	TSA	15.00	C-2-25-M-T0	1.00E+02	TNTC	300	TNTC
grazing	4/26/23	04/27/2023	TSA	15.00	C-2-25-M-T0	1.00E+01	TNTC	300	TNTC
grazing	4/26/23	04/27/2023	TSA	15.00	C-1-50-M-T0	1.00E+05	10	300	3.33E+06
grazing	4/26/23	04/27/2023	TSA	15.00	C-1-50-M-T0	1.00E+04	84	300	2.80E+06
grazing	4/26/23	04/27/2023	TSA	15.00	C-1-50-M-T0	1.00E+03	TNTC	300	TNTC
grazing	4/26/23	04/27/2023	TSA	15.00	C-1-50-M-T0	1.00E+02	TNTC	300	TNTC
grazing	4/26/23	04/27/2023	TSA	15.00	C-1-50-M-T0	1.00E+01	TNTC	300	TNTC
grazing	4/26/23	04/27/2023	TSA	15.00	C-2-50-M-T0	1.00E+05	12	300	4.00E+06
grazing	4/26/23	04/27/2023	TSA	15.00	C-2-50-M-T0	1.00E+04	148	300	4.93E+06
grazing	4/26/23	04/27/2023	TSA	15.00	C-2-50-M-T0	1.00E+03	TNTC	300	TNTC
grazing	4/26/23	04/27/2023	TSA	15.00	C-2-50-M-T0	1.00E+02	TNTC	300	TNTC
grazing	4/26/23	04/27/2023	TSA	15.00	C-2-50-M-T0	1.00E+01	TNTC	300	TNTC
grazing	4/26/23	04/27/2023	TSA	15.00	C-1-75-M-T0	1.00E+05	22	300	7.33E+06
grazing	4/26/23	04/27/2023	TSA	15.00	C-1-75-M-T0	1.00E+04	174	300	5.80E+06
grazing	4/26/23	04/27/2023	TSA	15.00	C-1-75-M-T0	1.00E+03	TNTC	300	TNTC
grazing	4/26/23	04/27/2023	TSA	15.00	C-1-75-M-T0	1.00E+02	TNTC	300	TNTC
grazing	4/26/23	04/27/2023	TSA	15.00	C-1-75-M-T0	1.00E+01	TNTC	300	TNTC
grazing	4/26/23	04/27/2023	TSA	15.00	C-2-75-M-T0	1.00E+05	23	300	7.67E+06
grazing	4/26/23	04/27/2023	TSA	15.00	C-2-75-M-T0	1.00E+04	174	300	5.80E+06
grazing	4/26/23	04/27/2023	TSA	15.00	C-2-75-M-T0	1.00E+03	TNTC	300	TNTC
grazing	4/26/23	04/27/2023	TSA	15.00	C-2-75-M-T0	1.00E+02	TNTC	300	TNTC
grazing	4/26/23	04/27/2023	TSA	15.00	C-2-75-M-T0	1.00E+01	TNTC	300	TNTC
grazing	4/26/23	04/27/2023	TSA	15.00	C-1-R-M-T0	1.00E+05	30	300	1.00E+07
grazing	4/26/23	04/27/2023	TSA	15.00	C-1-R-M-T0	1.00E+04	241	300	8.03E+06
grazing	4/26/23	04/27/2023	TSA	15.00	C-1-R-M-T0	1.00E+03	TNTC	300	TNTC
grazing	4/26/23	04/27/2023	TSA	15.00	C-1-R-M-T0	1.00E+02	TNTC	300	TNTC
grazing	4/26/23	04/27/2023	TSA	15.00	C-1-R-M-T0	1.00E+01	TNTC	300	TNTC
grazing	4/26/23	04/27/2023	TSA	15.00	C-2-R-M-T0	1.00E+05	29	300	9.67E+06
grazing	4/26/23	04/27/2023	TSA	15.00	C-2-R-M-T0	1.00E+04	209	300	6.97E+06
grazing	4/26/23	04/27/2023	TSA	15.00	C-2-R-M-T0	1.00E+03	TNTC	300	TNTC
grazing	4/26/23	04/27/2023	TSA	15.00	C-2-R-M-T0	1.00E+02	TNTC	300	TNTC
grazing	4/26/23	04/27/2023	TSA	15.00	C-2-R-M-T0	1.00E+01	TNTC	300	TNTC
grazing	4/26/23	04/27/2023	TSA	NA	C-TSA-F-U-T0	1.00E+00	0	300	0.00E+00
grazing	4/26/23	04/27/2023	TSA	NA	C-TSA-R-U-T0	1.00E+02	0	300	0.00E+00
grazing	4/26/23	04/27/2023	TSA	NA	C-TSA-R-U-T0	1.00E+01	0	300	0.00E+00
grazing	4/26/23	04/27/2023	TSA	NA	C-TSA-R-U-T0	1.00E+00	0	300	0.00E+00
grazing	4/26/23	04/27/2023	TSA	NA	-TSA-N-U-T0	1.00E+00	0	300	0.00E+00
grazing	4/26/23	04/27/2023	TSA	NA	-TSA-M-	1.00E+09	210	300	7.00E+11
grazing	4/26/23	04/27/2023	TSA	NA	-TSA-M-	1.00E+08	TNTC	300	TNTC
grazing	4/26/23	04/27/2023	TSA	NA	-TSA-M-	1.00E+07	TNTC	300	TNTC
grazing	4/26/23	04/27/2023	TSA	NA	-TSA-N-U-	1.00E+00	0	300	0.00E+00
grazing	4/26/23	04/27/2023	TSA	NA	-TSA-F-	1.00E+00	0	300	0.00E+00
grazing	4/27/23	04/28/2023	TSA	15.00	C-1-F-M-T1	1.00E+04	0	300	0.00E+00
grazing	4/27/23	04/28/2023	TSA	15.00	C-1-F-M-T1	1.00E+03	0	300	0.00E+00
grazing	4/27/23	04/28/2023	TSA	15.00	C-1-F-M-T1	1.00E+02	2	300	6.67E+02
grazing	4/27/23	04/28/2023	TSA	15.00	C-1-F-M-T1	1.00E+01	183	300	6.10E+03
grazing	4/27/23	04/28/2023	TSA	15.00	C-1-F-M-T1	1.00E+00	312	300	1.04E+03
grazing	4/27/23	04/28/2023	TSA	15.00	C-2-F-M-T1	1.00E+04	0	300	0.00E+00
grazing	4/27/23	04/28/2023	TSA	15.00	C-2-F-M-T1	1.00E+03	2	300	6.67E+03
grazing	4/27/23	04/28/2023	TSA	15.00	C-2-F-M-T1	1.00E+02	3	300	1.00E+03
grazing	4/27/23	04/28/2023	TSA	15.00	C-2-F-M-T1	1.00E+01	208	300	6.93E+03
grazing	4/27/23	04/28/2023	TSA	15.00	C-2-F-M-T1	1.00E+00	TNTC	300	TNTC
grazing	4/27/23	04/28/2023	TSA	15.00	C-1-25-M-T1	1.00E+04	0	300	0.00E+00
grazing	4/27/23	04/28/2023	TSA	15.00	C-1-25-M-T1	1.00E+03	1	300	3.33E+03
grazing	4/27/23	04/28/2023	TSA	15.00	C-1-25-M-T1	1.00E+02	41	300	1.37E+04
grazing	4/27/23	04/28/2023	TSA	15.00	C-1-25-M-T1	1.00E+01	330	300	1.10E+04
grazing	4/27/23	04/28/2023	TSA	15.00	C-1-25-M-T1	1.00E+00	TNTC	300	TNTC
grazing	4/27/23	04/28/2023	TSA	15.00	C-2-25-M-T1	1.00E+04	0	300	0.00E+00
grazing	4/27/23	04/28/2023	TSA	15.00	C-2-25-M-T1	1.00E+03	0	300	0.00E+00
grazing	4/27/23	04/28/2023	TSA	15.00	C-2-25-M-T1	1.00E+02	7	300	2.33E+03
grazing	4/27/23	04/28/2023	TSA	15.00	C-2-25-M-T1	1.00E+01	116	300	3.87E+03
grazing	4/27/23	04/28/2023	TSA	15.00	C-2-25-M-T1	1.00E+00	TNTC	300	TNTC
grazing	4/27/23	04/28/2023	TSA	15.00	C-1-50-M-T1	1.00E+04	0	300	0.00E+00
grazing	4/27/23	04/28/2023	TSA	15.00	C-1-50-M-T1	1.00E+03	1	300	3.33E+03
grazing	4/27/23	04/28/2023	TSA	15.00	C-1-50-M-T1	1.00E+02	16	300	5.33E+03
grazing	4/27/23	04/28/2023	TSA	15.00	C-1-50-M-T1	1.00E+01	313	300	1.04E+04
grazing	4/27/23	04/28/2023	TSA	15.00	C-1-50-M-T1	1.00E+00	TNTC	300	TNTC
grazing	4/27/23	04/28/2023	TSA	15.00	C-2-50-M-T1	1.00E+04	2	300	6.67E+04
grazing	4/27/23	04/28/2023	TSA	15.00	C-2-50-M-T1	1.00E+03	18	300	6.00E+04
grazing	4/27/23	04/28/2023	TSA	15.00	C-2-50-M-T1	1.00E+02	65	300	2.17E+04
grazing	4/27/23	04/28/2023	TSA	15.00	C-2-50-M-T1	1.00E+01	TNTC	300	TNTC
grazing	4/27/23	04/28/2023	TSA	15.00	C-2-50-M-T1	1.00E+00	TNTC	300	TNTC
grazing	4/27/23	04/28/2023	TSA	15.00	C-1-75-M-T1	1.00E+04	0	300	0.00E+00
grazing	4/27/23	04/28/2023	TSA	15.00	C-1-75-M-T1	1.00E+03	2	300	6.67E+03
grazing	4/27/23	04/28/2023	TSA	15.00	C-1-75-M-T1	1.00E+02	57	300	1.90E+04
grazing	4/27/23	04/28/2023	TSA	15.00	C-1-75-M-T1	1.00E+01	TNTC	300	TNTC
grazing	4/27/23	04/28/2023	TSA	15.00	C-1-75-M-T1	1.00E+00	TNTC	300	TNTC
grazing	4/27/23	04/28/2023	TSA	15.00	C-2-75-M-T1	1.00E+04	0	300	0.00E+00
grazing	4/27/23	04/28/2023	TSA	15.00	C-2-75-M-T1	1.00E+03	4	300	1.33E+04
grazing	4/27/23	04/28/2023	TSA	15.00	C-2-75-M-T1	1.00E+02	33	300	1.10E+04
grazing	4/27/23	04/28/2023	TSA	15.00	C-2-75-M-T1	1.00E+01	381	300	1.27E+04
grazing	4/27/23	04/28/2023	TSA	15.00	C-2-75-M-T1	1.00E+00	TNTC	300	TNTC
grazing	4/27/23	04/28/2023	TSA	15.00	C-1-R-M-T1	1.00E+04	0	300	0.00E+00
grazing	4/27/23	04/28/2023	TSA	15.00	C-1-R-M-T1	1.00E+03	29	300	9.67E+04
grazing	4/27/23	04/28/2023	TSA	15.00	C-1-R-M-T1	1.00E+02	324	300	1.08E+05
grazing	4/27/23	04/28/2023	TSA	15.00	C-1-R-M-T1	1.00E+01	TNTC	300	TNTC
grazing	4/27/23	04/28/2023	TSA	15.00	C-1-R-M-T1	1.00E+00	TNTC	300	TNTC
grazing	4/27/23	04/28/2023	TSA	15.00	C-2-R-M-T1	1.00E+04	2	300	6.67E+04
grazing	4/27/23	04/28/2023	TSA	15.00	C-2-R-M-T1	1.00E+03	27	300	9.00E+04
grazing	4/27/23	04/28/2023	TSA	15.00	C-2-R-M-T1	1.00E+02	204	300	6.80E+04
grazing	4/27/23	04/28/2023	TSA	15.00	C-2-R-M-T1	1.00E+01	TNTC	300	TNTC
grazing	4/27/23	04/28/2023	TSA	15.00	C-2-R-M-T1	1.00E+00	TNTC	300	TNTC
grazing	4/27/23	04/28/2023	TSA	NA	-TSA-N-U-T1	1.00E+00	0	300	0.00E+00
grazing	4/27/23	04/28/2023	TSA	NA	-TSA-N-U-	1.00E+00	0	300	0.00E+00
grazing	4/27/23	04/28/2023	TSA	15.00	C-1-R-M-T1	1.00E+06	0	300	0.00E+00
grazing	4/27/23	04/28/2023	TSA	15.00	C-2-R-M-T1	1.00E+06	0	300	0.00E+00
grazing	4/27/23	04/28/2023	TSA	15.00	C-1-75-M-T1	1.00E+06	0	300	0.00E+00
grazing	4/27/23	04/28/2023	TSA	15.00	C-2-75-M-T1	1.00E+06	0	300	0.00E+00
grazing	5/24/2023	05/25/2023	TSA	15.00	D-1-F-M-T0	1.00E+05	0	300	0.00E+00
grazing	5/24/2023	05/25/2023	TSA	15.00	D-1-F-M-T0	1.00E+04	3	300	1.00E+05
grazing	5/24/2023	05/25/2023	TSA	15.00	D-1-F-M-T0	1.00E+03	75	300	2.50E+05
grazing	5/24/2023	05/25/2023	TSA	15.00	D-1-F-M-T0	1.00E+02	TNTC	300	TNTC
grazing	5/24/2023	05/25/2023	TSA	15.00	D-1-F-M-T0	1.00E+01	TNTC	300	TNTC
grazing	5/24/2023	05/25/2023	TSA	15.00	D-2-F-M-T0	1.00E+05	0	300	0.00E+00
grazing	5/24/2023	05/25/2023	TSA	15.00	D-2-F-M-T0	1.00E+04	2	300	6.67E+04
grazing	5/24/2023	05/25/2023	TSA	15.00	D-2-F-M-T0	1.00E+03	62	300	2.07E+05
grazing	5/24/2023	05/25/2023	TSA	15.00	D-2-F-M-T0	1.00E+02	TNTC	300	TNTC
grazing	5/24/2023	05/25/2023	TSA	15.00	D-2-F-M-T0	1.00E+01	TNTC	300	TNTC
grazing	5/24/2023	05/25/2023	TSA	15.00	D-1-25-M-T0	1.00E+05	1	300	3.33E+05
grazing	5/24/2023	05/25/2023	TSA	15.00	D-1-25-M-T0	1.00E+04	21	300	7.00E+05
grazing	5/24/2023	05/25/2023	TSA	15.00	D-1-25-M-T0	1.00E+03	230	300	7.67E+05
grazing	5/24/2023	05/25/2023	TSA	15.00	D-1-25-M-T0	1.00E+02	TNTC	300	TNTC
grazing	5/24/2023	05/25/2023	TSA	15.00	D-1-25-M-T0	1.00E+01	TNTC	300	TNTC
grazing	5/24/2023	05/25/2023	TSA	15.00	D-2-25-M-T0	1.00E+05	3	300	1.00E+06
grazing	5/24/2023	05/25/2023	TSA	15.00	D-2-25-M-T0	1.00E+04	16	300	5.33E+05
grazing	5/24/2023	05/25/2023	TSA	15.00	D-2-25-M-T0	1.00E+03	160	300	5.33E+05
grazing	5/24/2023	05/25/2023	TSA	15.00	D-2-25-M-T0	1.00E+02	TNTC	300	TNTC
grazing	5/24/2023	05/25/2023	TSA	15.00	D-2-25-M-T0	1.00E+01	TNTC	300	TNTC
grazing	5/24/2023	05/25/2023	TSA	15.00	D-1-50-M-T0	1.00E+05	3	300	1.00E+06
grazing	5/24/2023	05/25/2023	TSA	15.00	D-1-50-M-T0	1.00E+04	20	300	6.67E+05
grazing	5/24/2023	05/25/2023	TSA	15.00	D-1-50-M-T0	1.00E+03	224	300	7.47E+05
grazing	5/24/2023	05/25/2023	TSA	15.00	D-1-50-M-T0	1.00E+02	TNTC	300	TNTC
grazing	5/24/2023	05/25/2023	TSA	15.00	D-1-50-M-T0	1.00E+01	TNTC	300	TNTC
grazing	5/24/2023	05/25/2023	TSA	15.00	D-2-50-M-T0	1.00E+05	0	300	0.00E+00
grazing	5/24/2023	05/25/2023	TSA	15.00	D-2-50-M-T0	1.00E+04	21	300	7.00E+05
grazing	5/24/2023	05/25/2023	TSA	15.00	D-2-50-M-T0	1.00E+03	208	300	6.93E+05
grazing	5/24/2023	05/25/2023	TSA	15.00	D-2-50-M-T0	1.00E+02	TNTC	300	TNTC
grazing	5/24/2023	05/25/2023	TSA	15.00	D-2-50-M-T0	1.00E+01	TNTC	300	TNTC
grazing	5/24/2023	05/25/2023	TSA	15.00	D-1-75-M-T0	1.00E+05	5	300	1.67E+06
grazing	5/24/2023	05/25/2023	TSA	15.00	D-1-75-M-T0	1.00E+04	26	300	8.67E+05
grazing	5/24/2023	05/25/2023	TSA	15.00	D-1-75-M-T0	1.00E+03	322	300	1.07E+06
grazing	5/24/2023	05/25/2023	TSA	15.00	D-1-75-M-T0	1.00E+02	TNTC	300	TNTC
grazing	5/24/2023	05/25/2023	TSA	15.00	D-1-75-M-T0	1.00E+01	TNTC	300	TNTC
grazing	5/24/2023	05/25/2023	TSA	15.00	D-2-75-M-T0	1.00E+05	4	300	1.33E+06
grazing	5/24/2023	05/25/2023	TSA	15.00	D-2-75-M-T0	1.00E+04	53	300	1.77E+06
grazing	5/24/2023	05/25/2023	TSA	15.00	D-2-75-M-T0	1.00E+03	331	300	1.10E+06
grazing	5/24/2023	05/25/2023	TSA	15.00	D-2-75-M-T0	1.00E+02	TNTC	300	TNTC
grazing	5/24/2023	05/25/2023	TSA	15.00	D-2-75-M-T0	1.00E+01	TNTC	300	TNTC
grazing	5/24/2023	05/25/2023	TSA	15.00	D-1-R-M-T0	1.00E+05	7	300	2.33E+06
grazing	5/24/2023	05/25/2023	TSA	15.00	D-1-R-M-T0	1.00E+04	70	300	2.33E+06
grazing	5/24/2023	05/25/2023	TSA	15.00	D-1-R-M-T0	1.00E+03	TNTC	300	TNTC
grazing	5/24/2023	05/25/2023	TSA	15.00	D-1-R-M-T0	1.00E+02	TNTC	300	TNTC
grazing	5/24/2023	05/25/2023	TSA	15.00	D-1-R-M-T0	1.00E+01	TNTC	300	TNTC
grazing	5/24/2023	05/25/2023	TSA	15.00	D-2-R-M-T0	1.00E+05	5	300	1.67E+06
grazing	5/24/2023	05/25/2023	TSA	15.00	D-2-R-M-T0	1.00E+04	69	300	2.30E+06
grazing	5/24/2023	05/25/2023	TSA	15.00	D-2-R-M-T0	1.00E+03	TNTC	300	TNTC
grazing	5/24/2023	05/25/2023	TSA	15.00	D-2-R-M-T0	1.00E+02	TNTC	300	TNTC
grazing	5/24/2023	05/25/2023	TSA	15.00	D-2-R-M-T0	1.00E+01	TNTC	300	TNTC
grazing	5/24/2023	05/25/2023	TSA	15.00	D-1-C1-M-T0	1.00E+05	24	300	8.00E+06
grazing	5/24/2023	05/25/2023	TSA	15.00	D-1-C1-M-T0	1.00E+04	106	300	3.53E+06
grazing	5/24/2023	05/25/2023	TSA	15.00	D-1-C1-M-T0	1.00E+03	TNTC	300	TNTC
grazing	5/24/2023	05/25/2023	TSA	15.00	D-1-C1-M-T0	1.00E+02	TNTC	300	TNTC
grazing	5/24/2023	05/25/2023	TSA	15.00	D-1-C1-M-T0	1.00E+01	TNTC	300	TNTC
grazing	5/24/2023	05/25/2023	TSA	15.00	D-2-C1-M-T0	1.00E+05	14	300	4.67E+06
grazing	5/24/2023	05/25/2023	TSA	15.00	D-2-C1-M-T0	1.00E+04	105	300	3.50E+06
grazing	5/24/2023	05/25/2023	TSA	15.00	D-2-C1-M-T0	1.00E+03	TNTC	300	TNTC
grazing	5/24/2023	05/25/2023	TSA	15.00	D-2-C1-M-T0	1.00E+02	TNTC	300	TNTC
grazing	5/24/2023	05/25/2023	TSA	15.00	D-1-C1-M-T0	1.00E+01	TNTC	300	TNTC
grazing	5/24/2023	05/25/2023	TSA	15.00	D-1-C2-M-T0	1.00E+05	38	300	1.27E+07
grazing	5/24/2023	05/25/2023	TSA	15.00	D-1-C2-M-T0	1.00E+04	214	300	7.13E+06
grazing	5/24/2023	05/25/2023	TSA	15.00	D-1-C2-M-T0	1.00E+03	TNTC	300	TNTC
grazing	5/24/2023	05/25/2023	TSA	15.00	D-1-C2-M-T0	1.00E+02	TNTC	300	TNTC
grazing	5/24/2023	05/25/2023	TSA	15.00	D-1-C2-M-T0	1.00E+01	TNTC	300	TNTC
grazing	5/24/2023	05/25/2023	TSA	15.00	D-2-C2-M-T0	1.00E+05	14	300	4.67E+06
grazing	5/24/2023	05/25/2023	TSA	15.00	D-2-C2-M-T0	1.00E+04	193	300	6.43E+06
grazing	5/24/2023	05/25/2023	TSA	15.00	D-2-C2-M-T0	1.00E+03	TNTC	300	TNTC
grazing	5/24/2023	05/25/2023	TSA	15.00	D-2-C2-M-T0	1.00E+02	TNTC	300	TNTC
grazing	5/24/2023	05/25/2023	TSA	15.00	D-2-C2-M-T0	1.00E+01	TNTC	300	TNTC
grazing	5/24/2023	05/25/2023	TSA	NA	D-TSA-F-U-T0	1.00E+00	0	300	0.00E+00
grazing	5/24/2023	05/25/2023	TSA	NA	D-TSA-R-U-T0	1.00E+00	0	300	0.00E+00
grazing	5/24/2023	05/25/2023	TSA	NA	D-TSA-R-U-T0	1.00E+01	0	300	0.00E+00
grazing	5/24/2023	05/25/2023	TSA	NA	D-TSA-R-U-T0	1.00E+02	0	300	0.00E+00
grazing	5/24/2023	05/25/2023	TSA	NA	D-TSA-C2-U-T0	1.00E+00	0	300	0.00E+00
grazing	5/24/2023	05/25/2023	TSA	NA	D-TSA-C2-U-T0	1.00E+01	0	300	0.00E+00
grazing	5/24/2023	05/25/2023	TSA	NA	D-TSA-C2-U-T0	1.00E+02	0	300	0.00E+00
grazing	5/24/2023	05/25/2023	TSA	NA	-TSA-N-U-T0	1.00E+00	0	300	0.00E+00
grazing	5/24/2023	05/25/2023	TSA	NA	-TSA-M-	1.00E+07	TNTC	300	TNTC
grazing	5/24/2023	05/25/2023	TSA	NA	-TSA-M-	1.00E+08	TNTC	300	TNTC
grazing	5/24/2023	05/25/2023	TSA	NA	-TSA-M-	1.00E+09	191	300	6.37E+11
grazing	5/24/2023	05/25/2023	TSA	NA	-TSA-N-U-	1.00E+00	0	300	0.00E+00
grazing	5/24/2023	05/25/2023	TSA	NA	-TSA-F-	1.00E+00	0	300	0.00E+00
grazing	5/25/2023	05/26/2023	TSA	15.00	D-1-F-M-T1	1.00E+04	15	300	5.00E+05
grazing	5/25/2023	05/26/2023	TSA	15.00	D-1-F-M-T1	1.00E+03	62	300	2.07E+05
grazing	5/25/2023	05/26/2023	TSA	15.00	D-1-F-M-T1	1.00E+02	TNTC	300	TNTC
grazing	5/25/2023	05/26/2023	TSA	15.00	D-1-F-M-T1	1.00E+01	TNTC	300	TNTC
grazing	5/25/2023	05/26/2023	TSA	15.00	D-1-F-M-T1	1.00E+00	TNTC	300	TNTC
grazing	5/25/2023	05/26/2023	TSA	15.00	D-2-F-M-T1	1.00E+04	4	300	1.33E+05
grazing	5/25/2023	05/26/2023	TSA	15.00	D-2-F-M-T1	1.00E+03	82	300	2.73E+05
grazing	5/25/2023	05/26/2023	TSA	15.00	D-2-F-M-T1	1.00E+02	TNTC	300	TNTC
grazing	5/25/2023	05/26/2023	TSA	15.00	D-2-F-M-T1	1.00E+01	TNTC	300	TNTC
grazing	5/25/2023	05/26/2023	TSA	15.00	D-2-F-M-T1	1.00E+00	TNTC	300	TNTC
grazing	5/25/2023	05/26/2023	TSA	15.00	D-1-25-M-T1	1.00E+04	15	300	5.00E+05
grazing	5/25/2023	05/26/2023	TSA	15.00	D-1-25-M-T1	1.00E+03	62	300	2.07E+05
grazing	5/25/2023	05/26/2023	TSA	15.00	D-1-25-M-T1	1.00E+02	TNTC	300	TNTC
grazing	5/25/2023	05/26/2023	TSA	15.00	D-1-25-M-T1	1.00E+01	TNTC	300	TNTC
grazing	5/25/2023	05/26/2023	TSA	15.00	D-1-25-M-T1	1.00E+00	TNTC	300	TNTC
grazing	5/25/2023	05/26/2023	TSA	15.00	D-2-25-M-T1	1.00E+04	5	300	1.67E+05
grazing	5/25/2023	05/26/2023	TSA	15.00	D-2-25-M-T1	1.00E+03	73	300	2.43E+05
grazing	5/25/2023	05/26/2023	TSA	15.00	D-2-25-M-T1	1.00E+02	TNTC	300	TNTC
grazing	5/25/2023	05/26/2023	TSA	15.00	D-2-25-M-T1	1.00E+01	TNTC	300	TNTC
grazing	5/25/2023	05/26/2023	TSA	15.00	D-2-25-M-T1	1.00E+00	TNTC	300	TNTC
grazing	5/25/2023	05/26/2023	TSA	15.00	D-1-50-M-T1	1.00E+04	19	300	6.33E+05
grazing	5/25/2023	05/26/2023	TSA	15.00	D-1-50-M-T1	1.00E+03	63	300	2.10E+05
grazing	5/25/2023	05/26/2023	TSA	15.00	D-1-50-M-T1	1.00E+02	TNTC	300	TNTC
grazing	5/25/2023	05/26/2023	TSA	15.00	D-1-50-M-T1	1.00E+01	TNTC	300	TNTC
grazing	5/25/2023	05/26/2023	TSA	15.00	D-1-50-M-T1	1.00E+00	TNTC	300	TNTC
grazing	5/25/2023	05/26/2023	TSA	15.00	D-2-50-M-T1	1.00E+04	10	300	3.33E+05
grazing	5/25/2023	05/26/2023	TSA	15.00	D-2-50-M-T1	1.00E+03	117	300	3.90E+05
grazing	5/25/2023	05/26/2023	TSA	15.00	D-2-50-M-T1	1.00E+02	TNTC	300	TNTC
grazing	5/25/2023	05/26/2023	TSA	15.00	D-2-50-M-T1	1.00E+01	TNTC	300	TNTC
grazing	5/25/2023	05/26/2023	TSA	15.00	D-2-50-M-T1	1.00E+00	TNTC	300	TNTC
grazing	5/25/2023	05/26/2023	TSA	15.00	D-1-75-M-T1	1.00E+04	32	300	1.07E+06
grazing	5/25/2023	05/26/2023	TSA	15.00	D-1-75-M-T1	1.00E+03	277	300	9.23E+05
grazing	5/25/2023	05/26/2023	TSA	15.00	D-1-75-M-T1	1.00E+02	TNTC	300	TNTC
grazing	5/25/2023	05/26/2023	TSA	15.00	D-1-75-M-T1	1.00E+01	TNTC	300	TNTC
grazing	5/25/2023	05/26/2023	TSA	15.00	D-1-75-M-T1	1.00E+00	TNTC	300	TNTC
grazing	5/25/2023	05/26/2023	TSA	15.00	D-2-75-M-T1	1.00E+04	16	300	5.33E+05
grazing	5/25/2023	05/26/2023	TSA	15.00	D-2-75-M-T1	1.00E+03	214	300	7.13E+05
grazing	5/25/2023	05/26/2023	TSA	15.00	D-2-75-M-T1	1.00E+02	TNTC	300	TNTC
grazing	5/25/2023	05/26/2023	TSA	15.00	D-2-75-M-T1	1.00E+01	TNTC	300	TNTC
grazing	5/25/2023	05/26/2023	TSA	15.00	D-2-75-M-T1	1.00E+00	TNTC	300	TNTC
grazing	5/25/2023	05/26/2023	TSA	15.00	D-1-R-M-T1	1.00E+04	19	300	6.33E+05
grazing	5/25/2023	05/26/2023	TSA	15.00	D-1-R-M-T1	1.00E+03	162	300	5.40E+05
grazing	5/25/2023	05/26/2023	TSA	15.00	D-1-R-M-T1	1.00E+02	TNTC	300	TNTC
grazing	5/25/2023	05/26/2023	TSA	15.00	D-1-R-M-T1	1.00E+01	TNTC	300	TNTC
grazing	5/25/2023	05/26/2023	TSA	15.00	D-1-R-M-T1	1.00E+00	TNTC	300	TNTC
grazing	5/25/2023	05/26/2023	TSA	15.00	D-2-R-M-T1	1.00E+04	73	300	2.43E+06
grazing	5/25/2023	05/26/2023	TSA	15.00	D-2-R-M-T1	1.00E+03	TNTC	300	TNTC
grazing	5/25/2023	05/26/2023	TSA	15.00	D-2-R-M-T1	1.00E+02	TNTC	300	TNTC
grazing	5/25/2023	05/26/2023	TSA	15.00	D-2-R-M-T1	1.00E+01	TNTC	300	TNTC
grazing	5/25/2023	05/26/2023	TSA	15.00	D-2-R-M-T1	1.00E+00	TNTC	300	TNTC
grazing	5/25/2023	05/26/2023	TSA	15.00	D-1-C1-M-T1	1.00E+04	102	300	3.40E+06
grazing	5/25/2023	05/26/2023	TSA	15.00	D-1-C1-M-T1	1.00E+03	TNTC	300	TNTC
grazing	5/25/2023	05/26/2023	TSA	15.00	D-1-C1-M-T1	1.00E+02	TNTC	300	TNTC
grazing	5/25/2023	05/26/2023	TSA	15.00	D-1-C1-M-T1	1.00E+01	TNTC	300	TNTC
grazing	5/25/2023	05/26/2023	TSA	15.00	D-1-C1-M-T1	1.00E+00	TNTC	300	TNTC
grazing	5/25/2023	05/26/2023	TSA	15.00	D-2-C1-M-T1	1.00E+04	147	300	4.90E+06
grazing	5/25/2023	05/26/2023	TSA	15.00	D-2-C1-M-T1	1.00E+03	TNTC	300	TNTC
grazing	5/25/2023	05/26/2023	TSA	15.00	D-2-C1-M-T1	1.00E+02	TNTC	300	TNTC
grazing	5/25/2023	05/26/2023	TSA	15.00	D-2-C1-M-T1	1.00E+01	TNTC	300	TNTC
grazing	5/25/2023	05/26/2023	TSA	15.00	D-2-C1-M-T1	1.00E+00	TNTC	300	TNTC
grazing	5/25/2023	05/26/2023	TSA	15.00	D-1-C2-M-T1	1.00E+04	6	300	2.00E+05
grazing	5/25/2023	05/26/2023	TSA	15.00	D-1-C2-M-T1	1.00E+03	446	300	1.49E+06
grazing	5/25/2023	05/26/2023	TSA	15.00	D-1-C2-M-T1	1.00E+02	TNTC	300	TNTC
grazing	5/25/2023	05/26/2023	TSA	15.00	D-1-C2-M-T1	1.00E+01	TNTC	300	TNTC
grazing	5/25/2023	05/26/2023	TSA	15.00	D-1-C2-M-T1	1.00E+00	TNTC	300	TNTC
grazing	5/25/2023	05/26/2023	TSA	15.00	D-2-C2-M-T1	1.00E+04	156	300	5.20E+06
grazing	5/25/2023	05/26/2023	TSA	15.00	D-2-C2-M-T1	1.00E+03	TNTC	300	TNTC
grazing	5/25/2023	05/26/2023	TSA	15.00	D-2-C2-M-T1	1.00E+02	TNTC	300	TNTC
grazing	5/25/2023	05/26/2023	TSA	15.00	D-2-C2-M-T1	1.00E+01	TNTC	300	TNTC
grazing	5/25/2023	05/26/2023	TSA	15.00	D-2-C2-M-T1	1.00E+00	TNTC	300	TNTC
grazing	5/25/2023	05/26/2023	TSA	15.00	-TSA-N-U-	1.00E+00	0	300	0.00E+00
grazing	5/25/2023	05/26/2023	TSA	15.00	-TSA-N-U-T1	1.00E+00	0	300	0.00E+00
grazing	5/31/2023	06/01/2023	TSA	15.00	E-1-F-M-T0	1.00E+05	5	300	1.67E+06
grazing	5/31/2023	06/01/2023	TSA	15.00	E-1-F-M-T0	1.00E+04	55	300	1.83E+06
grazing	5/31/2023	06/01/2023	TSA	15.00	E-1-F-M-T0	1.00E+03	TNTC	300	TNTC
grazing	5/31/2023	06/01/2023	TSA	15.00	E-1-F-M-T0	1.00E+02	TNTC	300	TNTC
grazing	5/31/2023	06/01/2023	TSA	15.00	E-1-F-M-T0	1.00E+01	TNTC	300	TNTC
grazing	5/31/2023	06/01/2023	TSA	15.00	E-2-F-M-T0	1.00E+05	5	300	1.67E+06
grazing	5/31/2023	06/01/2023	TSA	15.00	E-2-F-M-T0	1.00E+04	38	300	1.27E+06
grazing	5/31/2023	06/01/2023	TSA	15.00	E-2-F-M-T0	1.00E+03	TNTC	300	TNTC
grazing	5/31/2023	06/01/2023	TSA	15.00	E-2-F-M-T0	1.00E+02	TNTC	300	TNTC
grazing	5/31/2023	06/01/2023	TSA	15.00	E-2-F-M-T0	1.00E+01	TNTC	300	TNTC
grazing	5/31/2023	06/01/2023	TSA	15.00	E-1-25-M-T0	1.00E+05	11	300	3.67E+06
grazing	5/31/2023	06/01/2023	TSA	15.00	E-1-25-M-T0	1.00E+04	110	300	3.67E+06
grazing	5/31/2023	06/01/2023	TSA	15.00	E-1-25-M-T0	1.00E+03	TNTC	300	TNTC
grazing	5/31/2023	06/01/2023	TSA	15.00	E-1-25-M-T0	1.00E+02	TNTC	300	TNTC
grazing	5/31/2023	06/01/2023	TSA	15.00	E-1-25-M-T0	1.00E+01	TNTC	300	TNTC
grazing	5/31/2023	06/01/2023	TSA	15.00	E-2-25-M-T0	1.00E+05	10	300	3.33E+06
grazing	5/31/2023	06/01/2023	TSA	15.00	E-2-25-M-T0	1.00E+04	116	300	3.87E+06
grazing	5/31/2023	06/01/2023	TSA	15.00	E-2-25-M-T0	1.00E+03	TNTC	300	TNTC
grazing	5/31/2023	06/01/2023	TSA	15.00	E-2-25-M-T0	1.00E+02	TNTC	300	TNTC
grazing	5/31/2023	06/01/2023	TSA	15.00	E-2-25-M-T0	1.00E+01	TNTC	300	TNTC
grazing	5/31/2023	06/01/2023	TSA	15.00	E-1-50-M-T0	1.00E+05	8	300	2.67E+06
grazing	5/31/2023	06/01/2023	TSA	15.00	E-1-50-M-T0	1.00E+04	117	300	3.90E+06
grazing	5/31/2023	06/01/2023	TSA	15.00	E-1-50-M-T0	1.00E+03	TNTC	300	TNTC
grazing	5/31/2023	06/01/2023	TSA	15.00	E-1-50-M-T0	1.00E+02	TNTC	300	TNTC
grazing	5/31/2023	06/01/2023	TSA	15.00	E-1-50-M-T0	1.00E+01	TNTC	300	TNTC
grazing	5/31/2023	06/01/2023	TSA	15.00	E-2-50-M-T0	1.00E+05	11	300	3.67E+06
grazing	5/31/2023	06/01/2023	TSA	15.00	E-2-50-M-T0	1.00E+04	136	300	4.53E+06
grazing	5/31/2023	06/01/2023	TSA	15.00	E-2-50-M-T0	1.00E+03	TNTC	300	TNTC
grazing	5/31/2023	06/01/2023	TSA	15.00	E-2-50-M-T0	1.00E+02	TNTC	300	TNTC
grazing	5/31/2023	06/01/2023	TSA	15.00	E-2-50-M-T0	1.00E+01	TNTC	300	TNTC
grazing	5/31/2023	06/01/2023	TSA	15.00	E-1-75-M-T0	1.00E+05	11	300	3.67E+06
grazing	5/31/2023	06/01/2023	TSA	15.00	E-1-75-M-T0	1.00E+04	147	300	4.90E+06
grazing	5/31/2023	06/01/2023	TSA	15.00	E-1-75-M-T0	1.00E+03	TNTC	300	TNTC
grazing	5/31/2023	06/01/2023	TSA	15.00	E-1-75-M-T0	1.00E+02	TNTC	300	TNTC
grazing	5/31/2023	06/01/2023	TSA	15.00	E-1-75-M-T0	1.00E+01	TNTC	300	TNTC
grazing	5/31/2023	06/01/2023	TSA	15.00	E-2-75-M-T0	1.00E+05	8	300	2.67E+06
grazing	5/31/2023	06/01/2023	TSA	15.00	E-2-75-M-T0	1.00E+04	93	300	3.10E+06
grazing	5/31/2023	06/01/2023	TSA	15.00	E-2-75-M-T0	1.00E+03	TNTC	300	TNTC
grazing	5/31/2023	06/01/2023	TSA	15.00	E-2-75-M-T0	1.00E+02	TNTC	300	TNTC
grazing	5/31/2023	06/01/2023	TSA	15.00	E-2-75-M-T0	1.00E+01	TNTC	300	TNTC
grazing	5/31/2023	06/01/2023	TSA	15.00	E-1-R-M-T0	1.00E+05	17	300	5.67E+06
grazing	5/31/2023	06/01/2023	TSA	15.00	E-1-R-M-T0	1.00E+04	142	300	4.73E+06
grazing	5/31/2023	06/01/2023	TSA	15.00	E-1-R-M-T0	1.00E+03	TNTC	300	TNTC
grazing	5/31/2023	06/01/2023	TSA	15.00	E-1-R-M-T0	1.00E+02	TNTC	300	TNTC
grazing	5/31/2023	06/01/2023	TSA	15.00	E-1-R-M-T0	1.00E+01	TNTC	300	TNTC
grazing	5/31/2023	06/01/2023	TSA	15.00	E-2-R-M-T0	1.00E+05	18	300	6.00E+06
grazing	5/31/2023	06/01/2023	TSA	15.00	E-2-R-M-T0	1.00E+04	122	300	4.07E+06
grazing	5/31/2023	06/01/2023	TSA	15.00	E-2-R-M-T0	1.00E+03	TNTC	300	TNTC
grazing	5/31/2023	06/01/2023	TSA	15.00	E-2-R-M-T0	1.00E+02	TNTC	300	TNTC
grazing	5/31/2023	06/01/2023	TSA	15.00	E-2-R-M-T0	1.00E+01	TNTC	300	TNTC
grazing	5/31/2023	06/01/2023	TSA	15.00	E-1-C1-M-T0	1.00E+05	18	300	6.00E+06
grazing	5/31/2023	06/01/2023	TSA	15.00	E-1-C1-M-T0	1.00E+04	196	300	6.53E+06
grazing	5/31/2023	06/01/2023	TSA	15.00	E-1-C1-M-T0	1.00E+03	TNTC	300	TNTC
grazing	5/31/2023	06/01/2023	TSA	15.00	E-1-C1-M-T0	1.00E+02	TNTC	300	TNTC
grazing	5/31/2023	06/01/2023	TSA	15.00	E-1-C1-M-T0	1.00E+01	TNTC	300	TNTC
grazing	5/31/2023	06/01/2023	TSA	15.00	E-2-C1-M-T0	1.00E+05	22	300	7.33E+06
grazing	5/31/2023	06/01/2023	TSA	15.00	E-2-C1-M-T0	1.00E+04	177	300	5.90E+06
grazing	5/31/2023	06/01/2023	TSA	15.00	E-2-C1-M-T0	1.00E+03	TNTC	300	TNTC
grazing	5/31/2023	06/01/2023	TSA	15.00	E-2-C1-M-T0	1.00E+02	TNTC	300	TNTC
grazing	5/31/2023	06/01/2023	TSA	15.00	E-1-C1-M-T0	1.00E+01	TNTC	300	TNTC
grazing	5/31/2023	06/01/2023	TSA	15.00	E-1-C2-M-T0	1.00E+05	14	300	4.67E+06
grazing	5/31/2023	06/01/2023	TSA	15.00	E-1-C2-M-T0	1.00E+04	217	300	7.23E+06
grazing	5/31/2023	06/01/2023	TSA	15.00	E-1-C2-M-T0	1.00E+03	TNTC	300	TNTC
grazing	5/31/2023	06/01/2023	TSA	15.00	E-1-C2-M-T0	1.00E+02	TNTC	300	TNTC
grazing	5/31/2023	06/01/2023	TSA	15.00	E-1-C2-M-T0	1.00E+01	TNTC	300	TNTC
grazing	5/31/2023	06/01/2023	TSA	15.00	E-2-C2-M-T0	1.00E+05	8	300	2.67E+06
grazing	5/31/2023	06/01/2023	TSA	15.00	E-2-C2-M-T0	1.00E+04	196	300	6.53E+06
grazing	5/31/2023	06/01/2023	TSA	15.00	E-2-C2-M-T0	1.00E+03	TNTC	300	TNTC
grazing	5/31/2023	06/01/2023	TSA	15.00	E-2-C2-M-T0	1.00E+02	TNTC	300	TNTC
grazing	5/31/2023	06/01/2023	TSA	15.00	E-2-C2-M-T0	1.00E+01	TNTC	300	TNTC
grazing	5/31/2023	06/01/2023	TSA	NA	E-TSA-F-U-T0	1.00E+00	0	300	0.00E+00
grazing	5/31/2023	06/01/2023	TSA	NA	E-TSA-R-U-T0	1.00E+00	0	300	0.00E+00
grazing	5/31/2023	06/01/2023	TSA	NA	E-TSA-R-U-T0	1.00E+01	0	300	0.00E+00
grazing	5/31/2023	06/01/2023	TSA	NA	E-TSA-R-U-T0	1.00E+02	0	300	0.00E+00
grazing	5/31/2023	06/01/2023	TSA	NA	E-TSA-C2-U-T0	1.00E+00	0	300	0.00E+00
grazing	5/31/2023	06/01/2023	TSA	NA	E-TSA-C2-U-T0	1.00E+01	0	300	0.00E+00
grazing	5/31/2023	06/01/2023	TSA	NA	E-TSA-C2-U-T0	1.00E+02	0	300	0.00E+00
grazing	5/31/2023	06/01/2023	TSA	NA	-TSA-N-U-T0	1.00E+00	0	300	0.00E+00
grazing	5/31/2023	06/01/2023	TSA	NA	-TSA-M-	1.00E+07	TNTC	300	TNTC
grazing	5/31/2023	06/01/2023	TSA	NA	-TSA-M-	1.00E+08	TNTC	300	TNTC
grazing	5/31/2023	06/01/2023	TSA	NA	-TSA-M-	1.00E+09	124	300	4.13E+11
grazing	5/31/2023	06/01/2023	TSA	NA	-TSA-N-U-	1.00E+00	0	300	0.00E+00
grazing	5/31/2023	06/01/2023	TSA	NA	-TSA-F-	1.00E+00	0	300	0.00E+00
grazing	6/1/2023	06/02/2023	TSA	15.00	E-1-F-M-T1	1.00E+04	3	300	1.00E+05
grazing	6/1/2023	06/02/2023	TSA	15.00	E-1-F-M-T1	1.00E+03	8	300	2.67E+04
grazing	6/1/2023	06/02/2023	TSA	15.00	E-1-F-M-T1	1.00E+02	133	300	4.43E+04
grazing	6/1/2023	06/02/2023	TSA	15.00	E-1-F-M-T1	1.00E+01	TNTC	300	TNTC
grazing	6/1/2023	06/02/2023	TSA	15.00	E-1-F-M-T1	1.00E+00	TNTC	300	TNTC
grazing	6/1/2023	06/02/2023	TSA	15.00	E-2-F-M-T1	1.00E+04	2	300	6.67E+04
grazing	6/1/2023	06/02/2023	TSA	15.00	E-2-F-M-T1	1.00E+03	22	300	7.33E+04
grazing	6/1/2023	06/02/2023	TSA	15.00	E-2-F-M-T1	1.00E+02	172	300	5.73E+04
grazing	6/1/2023	06/02/2023	TSA	15.00	E-2-F-M-T1	1.00E+01	TNTC	300	TNTC
grazing	6/1/2023	06/02/2023	TSA	15.00	E-2-F-M-T1	1.00E+00	TNTC	300	TNTC
grazing	6/1/2023	06/02/2023	TSA	15.00	E-1-25-M-T1	1.00E+04	2	300	6.67E+04
grazing	6/1/2023	06/02/2023	TSA	15.00	E-1-25-M-T1	1.00E+03	7	300	2.33E+04
grazing	6/1/2023	06/02/2023	TSA	15.00	E-1-25-M-T1	1.00E+02	98	300	3.27E+04
grazing	6/1/2023	06/02/2023	TSA	15.00	E-1-25-M-T1	1.00E+01	TNTC	300	TNTC
grazing	6/1/2023	06/02/2023	TSA	15.00	E-1-25-M-T1	1.00E+00	TNTC	300	TNTC
grazing	6/1/2023	06/02/2023	TSA	15.00	E-2-25-M-T1	1.00E+04	0	300	0.00E+00
grazing	6/1/2023	06/02/2023	TSA	15.00	E-2-25-M-T1	1.00E+03	13	300	4.33E+04
grazing	6/1/2023	06/02/2023	TSA	15.00	E-2-25-M-T1	1.00E+02	86	300	2.87E+04
grazing	6/1/2023	06/02/2023	TSA	15.00	E-2-25-M-T1	1.00E+01	TNTC	300	TNTC
grazing	6/1/2023	06/02/2023	TSA	15.00	E-2-25-M-T1	1.00E+00	TNTC	300	TNTC
grazing	6/1/2023	06/02/2023	TSA	15.00	E-1-50-M-T1	1.00E+04	0	300	0.00E+00
grazing	6/1/2023	06/02/2023	TSA	15.00	E-1-50-M-T1	1.00E+03	25	300	8.33E+04
grazing	6/1/2023	06/02/2023	TSA	15.00	E-1-50-M-T1	1.00E+02	155	300	5.17E+04
grazing	6/1/2023	06/02/2023	TSA	15.00	E-1-50-M-T1	1.00E+01	TNTC	300	TNTC
grazing	6/1/2023	06/02/2023	TSA	15.00	E-1-50-M-T1	1.00E+00	TNTC	300	TNTC
grazing	6/1/2023	06/02/2023	TSA	15.00	E-2-50-M-T1	1.00E+04	6	300	2.00E+05
grazing	6/1/2023	06/02/2023	TSA	15.00	E-2-50-M-T1	1.00E+03	89	300	2.97E+05
grazing	6/1/2023	06/02/2023	TSA	15.00	E-2-50-M-T1	1.00E+02	TNTC	300	TNTC
grazing	6/1/2023	06/02/2023	TSA	15.00	E-2-50-M-T1	1.00E+01	TNTC	300	TNTC
grazing	6/1/2023	06/02/2023	TSA	15.00	E-2-50-M-T1	1.00E+00	TNTC	300	TNTC
grazing	6/1/2023	06/02/2023	TSA	15.00	E-1-75-M-T1	1.00E+04	8	300	2.67E+05
grazing	6/1/2023	06/02/2023	TSA	15.00	E-1-75-M-T1	1.00E+03	102	300	3.40E+05
grazing	6/1/2023	06/02/2023	TSA	15.00	E-1-75-M-T1	1.00E+02	TNTC	300	TNTC
grazing	6/1/2023	06/02/2023	TSA	15.00	E-1-75-M-T1	1.00E+01	TNTC	300	TNTC
grazing	6/1/2023	06/02/2023	TSA	15.00	E-1-75-M-T1	1.00E+00	TNTC	300	TNTC
grazing	6/1/2023	06/02/2023	TSA	15.00	E-2-75-M-T1	1.00E+04	13	300	4.33E+05
grazing	6/1/2023	06/02/2023	TSA	15.00	E-2-75-M-T1	1.00E+03	134	300	4.47E+05
grazing	6/1/2023	06/02/2023	TSA	15.00	E-2-75-M-T1	1.00E+02	TNTC	300	TNTC
grazing	6/1/2023	06/02/2023	TSA	15.00	E-2-75-M-T1	1.00E+01	TNTC	300	TNTC
grazing	6/1/2023	06/02/2023	TSA	15.00	E-2-75-M-T1	1.00E+00	TNTC	300	TNTC
grazing	6/1/2023	06/02/2023	TSA	15.00	E-1-R-M-T1	1.00E+04	6	300	2.00E+05
grazing	6/1/2023	06/02/2023	TSA	15.00	E-1-R-M-T1	1.00E+03	56	300	1.87E+05
grazing	6/1/2023	06/02/2023	TSA	15.00	E-1-R-M-T1	1.00E+02	TNTC	300	TNTC
grazing	6/1/2023	06/02/2023	TSA	15.00	E-1-R-M-T1	1.00E+01	TNTC	300	TNTC
grazing	6/1/2023	06/02/2023	TSA	15.00	E-1-R-M-T1	1.00E+00	TNTC	300	TNTC
grazing	6/1/2023	06/02/2023	TSA	15.00	E-2-R-M-T1	1.00E+04	33	300	1.10E+06
grazing	6/1/2023	06/02/2023	TSA	15.00	E-2-R-M-T1	1.00E+03	291	300	9.70E+05
grazing	6/1/2023	06/02/2023	TSA	15.00	E-2-R-M-T1	1.00E+02	TNTC	300	TNTC
grazing	6/1/2023	06/02/2023	TSA	15.00	E-2-R-M-T1	1.00E+01	TNTC	300	TNTC
grazing	6/1/2023	06/02/2023	TSA	15.00	E-2-R-M-T1	1.00E+00	TNTC	300	TNTC
grazing	6/1/2023	06/02/2023	TSA	15.00	E-1-C1-M-T1	1.00E+04	23	300	7.67E+05
grazing	6/1/2023	06/02/2023	TSA	15.00	E-1-C1-M-T1	1.00E+03	207	300	6.90E+05
grazing	6/1/2023	06/02/2023	TSA	15.00	E-1-C1-M-T1	1.00E+02	TNTC	300	TNTC
grazing	6/1/2023	06/02/2023	TSA	15.00	E-1-C1-M-T1	1.00E+01	TNTC	300	TNTC
grazing	6/1/2023	06/02/2023	TSA	15.00	E-1-C1-M-T1	1.00E+00	TNTC	300	TNTC
grazing	6/1/2023	06/02/2023	TSA	15.00	E-2-C1-M-T1	1.00E+04	5	300	1.67E+05
grazing	6/1/2023	06/02/2023	TSA	15.00	E-2-C1-M-T1	1.00E+03	122	300	4.07E+05
grazing	6/1/2023	06/02/2023	TSA	15.00	E-2-C1-M-T1	1.00E+02	TNTC	300	TNTC
grazing	6/1/2023	06/02/2023	TSA	15.00	E-2-C1-M-T1	1.00E+01	TNTC	300	TNTC
grazing	6/1/2023	06/02/2023	TSA	15.00	E-2-C1-M-T1	1.00E+00	TNTC	300	TNTC
grazing	6/1/2023	06/02/2023	TSA	15.00	E-1-C2-M-T1	1.00E+04	26	300	8.67E+05
grazing	6/1/2023	06/02/2023	TSA	15.00	E-1-C2-M-T1	1.00E+03	257	300	8.57E+05
grazing	6/1/2023	06/02/2023	TSA	15.00	E-1-C2-M-T1	1.00E+02	TNTC	300	TNTC
grazing	6/1/2023	06/02/2023	TSA	15.00	E-1-C2-M-T1	1.00E+01	TNTC	300	TNTC
grazing	6/1/2023	06/02/2023	TSA	15.00	E-1-C2-M-T1	1.00E+00	TNTC	300	TNTC
grazing	6/1/2023	06/02/2023	TSA	15.00	E-2-C2-M-T1	1.00E+04	22	300	7.33E+05
grazing	6/1/2023	06/02/2023	TSA	15.00	E-2-C2-M-T1	1.00E+03	232	300	7.73E+05
grazing	6/1/2023	06/02/2023	TSA	15.00	E-2-C2-M-T1	1.00E+02	TNTC	300	TNTC
grazing	6/1/2023	06/02/2023	TSA	15.00	E-2-C2-M-T1	1.00E+01	TNTC	300	TNTC
grazing	6/1/2023	06/02/2023	TSA	15.00	E-2-C2-M-T1	1.00E+00	TNTC	300	TNTC
grazing	6/1/2023	06/02/2023	TSA	15.00	-TSA-N-U-	1.00E+00	0	300	0.00E+00
grazing	6/1/2023	06/02/2023	TSA	15.00	-TSA-N-U-T1	1.00E+00	0	300	0.00E+00
grazing	6/1/2023	06/02/2023	TSA	15.00	E-2-C2-M-T1	1.00E+05	4	300	1.33E+06
grazing	6/1/2023	06/02/2023	TSA	15.00	E-1-C2-M-T1	1.00E+05	4	300	1.33E+06
grazing	6/1/2023	06/02/2023	TSA	15.00	E-2-C1-M-T1	1.00E+05	0	300	0.00E+00
grazing	6/1/2023	06/02/2023	TSA	15.00	E-1-C1-M-T1	1.00E+05	0	300	0.00E+00
grazing	6/7/2023	06/08/2023	TSA	15.00	F-1-F-M-T0	1.00E+05	14	300	4.67E+06
grazing	6/7/2023	06/08/2023	TSA	15.00	F-1-F-M-T0	1.00E+04	127	300	4.23E+06
grazing	6/7/2023	06/08/2023	TSA	15.00	F-1-F-M-T0	1.00E+03	TNTC	300	TNTC
grazing	6/7/2023	06/08/2023	TSA	15.00	F-1-F-M-T0	1.00E+02	TNTC	300	TNTC
grazing	6/7/2023	06/08/2023	TSA	15.00	F-1-F-M-T0	1.00E+01	TNTC	300	TNTC
grazing	6/7/2023	06/08/2023	TSA	15.00	F-2-F-M-T0	1.00E+05	17	300	5.67E+06
grazing	6/7/2023	06/08/2023	TSA	15.00	F-2-F-M-T0	1.00E+04	96	300	3.20E+06
grazing	6/7/2023	06/08/2023	TSA	15.00	F-2-F-M-T0	1.00E+03	TNTC	300	TNTC
grazing	6/7/2023	06/08/2023	TSA	15.00	F-2-F-M-T0	1.00E+02	TNTC	300	TNTC
grazing	6/7/2023	06/08/2023	TSA	15.00	F-2-F-M-T0	1.00E+01	TNTC	300	TNTC
grazing	6/7/2023	06/08/2023	TSA	15.00	F-1-25-M-T0	1.00E+05	13	300	4.33E+06
grazing	6/7/2023	06/08/2023	TSA	15.00	F-1-25-M-T0	1.00E+04	127	300	4.23E+06
grazing	6/7/2023	06/08/2023	TSA	15.00	F-1-25-M-T0	1.00E+03	TNTC	300	TNTC
grazing	6/7/2023	06/08/2023	TSA	15.00	F-1-25-M-T0	1.00E+02	TNTC	300	TNTC
grazing	6/7/2023	06/08/2023	TSA	15.00	F-1-25-M-T0	1.00E+01	TNTC	300	TNTC
grazing	6/7/2023	06/08/2023	TSA	15.00	F-2-25-M-T0	1.00E+05	17	300	5.67E+06
grazing	6/7/2023	06/08/2023	TSA	15.00	F-2-25-M-T0	1.00E+04	122	300	4.07E+06
grazing	6/7/2023	06/08/2023	TSA	15.00	F-2-25-M-T0	1.00E+03	TNTC	300	TNTC
grazing	6/7/2023	06/08/2023	TSA	15.00	F-2-25-M-T0	1.00E+02	TNTC	300	TNTC
grazing	6/7/2023	06/08/2023	TSA	15.00	F-2-25-M-T0	1.00E+01	TNTC	300	TNTC
grazing	6/7/2023	06/08/2023	TSA	15.00	F-1-50-M-T0	1.00E+05	10	300	3.33E+06
grazing	6/7/2023	06/08/2023	TSA	15.00	F-1-50-M-T0	1.00E+04	78	300	2.60E+06
grazing	6/7/2023	06/08/2023	TSA	15.00	F-1-50-M-T0	1.00E+03	TNTC	300	TNTC
grazing	6/7/2023	06/08/2023	TSA	15.00	F-1-50-M-T0	1.00E+02	TNTC	300	TNTC
grazing	6/7/2023	06/08/2023	TSA	15.00	F-1-50-M-T0	1.00E+01	TNTC	300	TNTC
grazing	6/7/2023	06/08/2023	TSA	15.00	F-2-50-M-T0	1.00E+05	21	300	7.00E+06
grazing	6/7/2023	06/08/2023	TSA	15.00	F-2-50-M-T0	1.00E+04	122	300	4.07E+06
grazing	6/7/2023	06/08/2023	TSA	15.00	F-2-50-M-T0	1.00E+03	TNTC	300	TNTC
grazing	6/7/2023	06/08/2023	TSA	15.00	F-2-50-M-T0	1.00E+02	TNTC	300	TNTC
grazing	6/7/2023	06/08/2023	TSA	15.00	F-2-50-M-T0	1.00E+01	TNTC	300	TNTC
grazing	6/7/2023	06/08/2023	TSA	15.00	F-1-75-M-T0	1.00E+05	19	300	6.33E+06
grazing	6/7/2023	06/08/2023	TSA	15.00	F-1-75-M-T0	1.00E+04	134	300	4.47E+06
grazing	6/7/2023	06/08/2023	TSA	15.00	F-1-75-M-T0	1.00E+03	TNTC	300	TNTC
grazing	6/7/2023	06/08/2023	TSA	15.00	F-1-75-M-T0	1.00E+02	TNTC	300	TNTC
grazing	6/7/2023	06/08/2023	TSA	15.00	F-1-75-M-T0	1.00E+01	TNTC	300	TNTC
grazing	6/7/2023	06/08/2023	TSA	15.00	F-2-75-M-T0	1.00E+05	11	300	3.67E+06
grazing	6/7/2023	06/08/2023	TSA	15.00	F-2-75-M-T0	1.00E+04	161	300	5.37E+06
grazing	6/7/2023	06/08/2023	TSA	15.00	F-2-75-M-T0	1.00E+03	TNTC	300	TNTC
grazing	6/7/2023	06/08/2023	TSA	15.00	F-2-75-M-T0	1.00E+02	TNTC	300	TNTC
grazing	6/7/2023	06/08/2023	TSA	15.00	F-2-75-M-T0	1.00E+01	TNTC	300	TNTC
grazing	6/7/2023	06/08/2023	TSA	15.00	F-1-R-M-T0	1.00E+05	15	300	5.00E+06
grazing	6/7/2023	06/08/2023	TSA	15.00	F-1-R-M-T0	1.00E+04	177	300	5.90E+06
grazing	6/7/2023	06/08/2023	TSA	15.00	F-1-R-M-T0	1.00E+03	TNTC	300	TNTC
grazing	6/7/2023	06/08/2023	TSA	15.00	F-1-R-M-T0	1.00E+02	TNTC	300	TNTC
grazing	6/7/2023	06/08/2023	TSA	15.00	F-1-R-M-T0	1.00E+01	TNTC	300	TNTC
grazing	6/7/2023	06/08/2023	TSA	15.00	F-2-R-M-T0	1.00E+05	25	300	8.33E+06
grazing	6/7/2023	06/08/2023	TSA	15.00	F-2-R-M-T0	1.00E+04	220	300	7.33E+06
grazing	6/7/2023	06/08/2023	TSA	15.00	F-2-R-M-T0	1.00E+03	TNTC	300	TNTC
grazing	6/7/2023	06/08/2023	TSA	15.00	F-2-R-M-T0	1.00E+02	TNTC	300	TNTC
grazing	6/7/2023	06/08/2023	TSA	15.00	F-2-R-M-T0	1.00E+01	TNTC	300	TNTC
grazing	6/7/2023	06/08/2023	TSA	15.00	F-1-C1-M-T0	1.00E+05	17	300	5.67E+06
grazing	6/7/2023	06/08/2023	TSA	15.00	F-1-C1-M-T0	1.00E+04	199	300	6.63E+06
grazing	6/7/2023	06/08/2023	TSA	15.00	F-1-C1-M-T0	1.00E+03	TNTC	300	TNTC
grazing	6/7/2023	06/08/2023	TSA	15.00	F-1-C1-M-T0	1.00E+02	TNTC	300	TNTC
grazing	6/7/2023	06/08/2023	TSA	15.00	F-1-C1-M-T0	1.00E+01	TNTC	300	TNTC
grazing	6/7/2023	06/08/2023	TSA	15.00	F-2-C1-M-T0	1.00E+05	23	300	7.67E+06
grazing	6/7/2023	06/08/2023	TSA	15.00	F-2-C1-M-T0	1.00E+04	176	300	5.87E+06
grazing	6/7/2023	06/08/2023	TSA	15.00	F-2-C1-M-T0	1.00E+03	TNTC	300	TNTC
grazing	6/7/2023	06/08/2023	TSA	15.00	F-2-C1-M-T0	1.00E+02	TNTC	300	TNTC
grazing	6/7/2023	06/08/2023	TSA	15.00	F-1-C1-M-T0	1.00E+01	TNTC	300	TNTC
grazing	6/7/2023	06/08/2023	TSA	15.00	F-1-C2-M-T0	1.00E+05	24	300	8.00E+06
grazing	6/7/2023	06/08/2023	TSA	15.00	F-1-C2-M-T0	1.00E+04	249	300	8.30E+06
grazing	6/7/2023	06/08/2023	TSA	15.00	F-1-C2-M-T0	1.00E+03	TNTC	300	TNTC
grazing	6/7/2023	06/08/2023	TSA	15.00	F-1-C2-M-T0	1.00E+02	TNTC	300	TNTC
grazing	6/7/2023	06/08/2023	TSA	15.00	F-1-C2-M-T0	1.00E+01	TNTC	300	TNTC
grazing	6/7/2023	06/08/2023	TSA	15.00	F-2-C2-M-T0	1.00E+05	32	300	1.07E+07
grazing	6/7/2023	06/08/2023	TSA	15.00	F-2-C2-M-T0	1.00E+04	295	300	9.83E+06
grazing	6/7/2023	06/08/2023	TSA	15.00	F-2-C2-M-T0	1.00E+03	TNTC	300	TNTC
grazing	6/7/2023	06/08/2023	TSA	15.00	F-2-C2-M-T0	1.00E+02	TNTC	300	TNTC
grazing	6/7/2023	06/08/2023	TSA	15.00	F-2-C2-M-T0	1.00E+01	TNTC	300	TNTC
grazing	6/7/2023	06/08/2023	TSA	NA	F-TSA-F-U-T0	1.00E+00	0	300	0.00E+00
grazing	6/7/2023	06/08/2023	TSA	NA	F-TSA-R-U-T0	1.00E+00	0	300	0.00E+00
grazing	6/7/2023	06/08/2023	TSA	NA	F-TSA-R-U-T0	1.00E+01	0	300	0.00E+00
grazing	6/7/2023	06/08/2023	TSA	NA	F-TSA-R-U-T0	1.00E+02	0	300	0.00E+00
grazing	6/7/2023	06/08/2023	TSA	NA	F-TSA-C2-U-T0	1.00E+00	0	300	0.00E+00
grazing	6/7/2023	06/08/2023	TSA	NA	F-TSA-C2-U-T0	1.00E+01	0	300	0.00E+00
grazing	6/7/2023	06/08/2023	TSA	NA	F-TSA-C2-U-T0	1.00E+02	0	300	0.00E+00
grazing	6/7/2023	06/08/2023	TSA	NA	-TSA-N-U-T0	1.00E+00	0	300	0.00E+00
grazing	6/7/2023	06/08/2023	TSA	NA	-TSA-M-	1.00E+07	TNTC	300	TNTC
grazing	6/7/2023	06/08/2023	TSA	NA	-TSA-M-	1.00E+08	TNTC	300	TNTC
grazing	6/7/2023	06/08/2023	TSA	NA	-TSA-M-	1.00E+09	137	300	4.57E+11
grazing	6/7/2023	06/08/2023	TSA	NA	-TSA-N-U-	1.00E+00	0	300	0.00E+00
grazing	6/7/2023	06/08/2023	TSA	NA	-TSA-F-	1.00E+00	0	300	0.00E+00
grazing	6/8/2023	06/09/2023	TSA	15.00	F-1-F-M-T1	1.00E+04	6	300	2.00E+05
grazing	6/8/2023	06/09/2023	TSA	15.00	F-1-F-M-T1	1.00E+03	164	300	5.47E+05
grazing	6/8/2023	06/09/2023	TSA	15.00	F-1-F-M-T1	1.00E+01	TNTC	300	TNTC
grazing	6/8/2023	06/09/2023	TSA	15.00	F-1-F-M-T1	1.00E+00	TNTC	300	TNTC
grazing	6/8/2023	06/09/2023	TSA	15.00	F-2-F-M-T1	1.00E+04	16	300	5.33E+05
grazing	6/8/2023	06/09/2023	TSA	15.00	F-2-F-M-T1	1.00E+03	180	300	6.00E+05
grazing	6/8/2023	06/09/2023	TSA	15.00	F-2-F-M-T1	1.00E+02	TNTC	300	TNTC
grazing	6/8/2023	06/09/2023	TSA	15.00	F-2-F-M-T1	1.00E+01	TNTC	300	TNTC
grazing	6/8/2023	06/09/2023	TSA	15.00	F-2-F-M-T1	1.00E+00	TNTC	300	TNTC
grazing	6/8/2023	06/09/2023	TSA	15.00	F-1-25-M-T1	1.00E+04	16	300	5.33E+05
grazing	6/8/2023	06/09/2023	TSA	15.00	F-1-25-M-T1	1.00E+03	199	300	6.63E+05
grazing	6/8/2023	06/09/2023	TSA	15.00	F-1-25-M-T1	1.00E+02	TNTC	300	TNTC
grazing	6/8/2023	06/09/2023	TSA	15.00	F-1-25-M-T1	1.00E+01	TNTC	300	TNTC
grazing	6/8/2023	06/09/2023	TSA	15.00	F-1-25-M-T1	1.00E+00	TNTC	300	TNTC
grazing	6/8/2023	06/09/2023	TSA	15.00	F-2-25-M-T1	1.00E+04	24	300	8.00E+05
grazing	6/8/2023	06/09/2023	TSA	15.00	F-2-25-M-T1	1.00E+03	230	300	7.67E+05
grazing	6/8/2023	06/09/2023	TSA	15.00	F-2-25-M-T1	1.00E+02	TNTC	300	TNTC
grazing	6/8/2023	06/09/2023	TSA	15.00	F-2-25-M-T1	1.00E+01	TNTC	300	TNTC
grazing	6/8/2023	06/09/2023	TSA	15.00	F-2-25-M-T1	1.00E+00	TNTC	300	TNTC
grazing	6/8/2023	06/09/2023	TSA	15.00	F-1-50-M-T1	1.00E+04	23	300	7.67E+05
grazing	6/8/2023	06/09/2023	TSA	15.00	F-1-50-M-T1	1.00E+03	219	300	7.30E+05
grazing	6/8/2023	06/09/2023	TSA	15.00	F-1-50-M-T1	1.00E+02	TNTC	300	TNTC
grazing	6/8/2023	06/09/2023	TSA	15.00	F-1-50-M-T1	1.00E+01	TNTC	300	TNTC
grazing	6/8/2023	06/09/2023	TSA	15.00	F-1-50-M-T1	1.00E+00	TNTC	300	TNTC
grazing	6/8/2023	06/09/2023	TSA	15.00	F-2-50-M-T1	1.00E+04	37	300	1.23E+06
grazing	6/8/2023	06/09/2023	TSA	15.00	F-2-50-M-T1	1.00E+03	299	300	9.97E+05
grazing	6/8/2023	06/09/2023	TSA	15.00	F-2-50-M-T1	1.00E+02	TNTC	300	TNTC
grazing	6/8/2023	06/09/2023	TSA	15.00	F-2-50-M-T1	1.00E+01	TNTC	300	TNTC
grazing	6/8/2023	06/09/2023	TSA	15.00	F-2-50-M-T1	1.00E+00	TNTC	300	TNTC
grazing	6/8/2023	06/09/2023	TSA	15.00	F-1-75-M-T1	1.00E+04	60	300	2.00E+06
grazing	6/8/2023	06/09/2023	TSA	15.00	F-1-75-M-T1	1.00E+03	TNTC	300	TNTC
grazing	6/8/2023	06/09/2023	TSA	15.00	F-1-75-M-T1	1.00E+02	TNTC	300	TNTC
grazing	6/8/2023	06/09/2023	TSA	15.00	F-1-75-M-T1	1.00E+01	TNTC	300	TNTC
grazing	6/8/2023	06/09/2023	TSA	15.00	F-1-75-M-T1	1.00E+00	TNTC	300	TNTC
grazing	6/8/2023	06/09/2023	TSA	15.00	F-2-75-M-T1	1.00E+04	58	300	1.93E+06
grazing	6/8/2023	06/09/2023	TSA	15.00	F-2-75-M-T1	1.00E+03	TNTC	300	TNTC
grazing	6/8/2023	06/09/2023	TSA	15.00	F-2-75-M-T1	1.00E+02	TNTC	300	TNTC
grazing	6/8/2023	06/09/2023	TSA	15.00	F-2-75-M-T1	1.00E+01	TNTC	300	TNTC
grazing	6/8/2023	06/09/2023	TSA	15.00	F-2-75-M-T1	1.00E+00	TNTC	300	TNTC
grazing	6/8/2023	06/09/2023	TSA	15.00	F-1-R-M-T1	1.00E+04	57	300	1.90E+06
grazing	6/8/2023	06/09/2023	TSA	15.00	F-1-R-M-T1	1.00E+03	TNTC	300	TNTC
grazing	6/8/2023	06/09/2023	TSA	15.00	F-1-R-M-T1	1.00E+02	TNTC	300	TNTC
grazing	6/8/2023	06/09/2023	TSA	15.00	F-1-R-M-T1	1.00E+01	TNTC	300	TNTC
grazing	6/8/2023	06/09/2023	TSA	15.00	F-1-R-M-T1	1.00E+00	TNTC	300	TNTC
grazing	6/8/2023	06/09/2023	TSA	15.00	F-2-R-M-T1	1.00E+04	79	300	2.63E+06
grazing	6/8/2023	06/09/2023	TSA	15.00	F-2-R-M-T1	1.00E+03	TNTC	300	TNTC
grazing	6/8/2023	06/09/2023	TSA	15.00	F-2-R-M-T1	1.00E+02	TNTC	300	TNTC
grazing	6/8/2023	06/09/2023	TSA	15.00	F-2-R-M-T1	1.00E+01	TNTC	300	TNTC
grazing	6/8/2023	06/09/2023	TSA	15.00	F-2-R-M-T1	1.00E+00	TNTC	300	TNTC
grazing	6/8/2023	06/09/2023	TSA	15.00	F-1-C1-M-T1	1.00E+04	96	300	3.20E+06
grazing	6/8/2023	06/09/2023	TSA	15.00	F-1-C1-M-T1	1.00E+03	TNTC	300	TNTC
grazing	6/8/2023	06/09/2023	TSA	15.00	F-1-C1-M-T1	1.00E+02	TNTC	300	TNTC
grazing	6/8/2023	06/09/2023	TSA	15.00	F-1-C1-M-T1	1.00E+01	TNTC	300	TNTC
grazing	6/8/2023	06/09/2023	TSA	15.00	F-1-C1-M-T1	1.00E+00	TNTC	300	TNTC
grazing	6/8/2023	06/09/2023	TSA	15.00	F-2-C1-M-T1	1.00E+04	102	300	3.40E+06
grazing	6/8/2023	06/09/2023	TSA	15.00	F-2-C1-M-T1	1.00E+03	TNTC	300	TNTC
grazing	6/8/2023	06/09/2023	TSA	15.00	F-2-C1-M-T1	1.00E+02	TNTC	300	TNTC
grazing	6/8/2023	06/09/2023	TSA	15.00	F-2-C1-M-T1	1.00E+01	TNTC	300	TNTC
grazing	6/8/2023	06/09/2023	TSA	15.00	F-2-C1-M-T1	1.00E+00	TNTC	300	TNTC
grazing	6/8/2023	06/09/2023	TSA	15.00	F-1-C2-M-T1	1.00E+04	188	300	6.27E+06
grazing	6/8/2023	06/09/2023	TSA	15.00	F-1-C2-M-T1	1.00E+03	TNTC	300	TNTC
grazing	6/8/2023	06/09/2023	TSA	15.00	F-1-C2-M-T1	1.00E+02	TNTC	300	TNTC
grazing	6/8/2023	06/09/2023	TSA	15.00	F-1-C2-M-T1	1.00E+01	TNTC	300	TNTC
grazing	6/8/2023	06/09/2023	TSA	15.00	F-1-C2-M-T1	1.00E+00	TNTC	300	TNTC
grazing	6/8/2023	06/09/2023	TSA	15.00	F-2-C2-M-T1	1.00E+04	142	300	4.73E+06
grazing	6/8/2023	06/09/2023	TSA	15.00	F-2-C2-M-T1	1.00E+03	TNTC	300	TNTC
grazing	6/8/2023	06/09/2023	TSA	15.00	F-2-C2-M-T1	1.00E+02	TNTC	300	TNTC
grazing	6/8/2023	06/09/2023	TSA	15.00	F-2-C2-M-T1	1.00E+01	TNTC	300	TNTC
grazing	6/8/2023	06/09/2023	TSA	15.00	F-2-C2-M-T1	1.00E+00	TNTC	300	TNTC
grazing	6/8/2023	06/09/2023	TSA	15.00	-TSA-N-U-	1.00E+00	0	300	0.00E+00
grazing	6/8/2023	06/09/2023	TSA	15.00	-TSA-N-U-T1	1.00E+00	0	300	0.00E+00
grazing	6/8/2023	06/09/2023	TSA	15.00	F-2-C2-M-T1	1.00E+05	27	300	9.00E+06
grazing	6/8/2023	06/09/2023	TSA	15.00	F-1-C2-M-T1	1.00E+05	9	300	3.00E+06
grazing	6/8/2023	06/09/2023	TSA	15.00	F-2-C1-M-T1	1.00E+05	20	300	6.67E+06
grazing	6/8/2023	06/09/2023	TSA	15.00	F-1-C1-M-T1	1.00E+05	3	300	1.00E+06
grazing	6/13/2023	06/14/2023	TSA	15.00	G-1-F-M-T0	1.00E+05	3	300	1.00E+06
grazing	6/13/2023	06/14/2023	TSA	15.00	G-1-F-M-T0	1.00E+04	11	300	3.67E+05
grazing	6/13/2023	06/14/2023	TSA	15.00	G-1-F-M-T0	1.00E+03	148	300	4.93E+05
grazing	6/13/2023	06/14/2023	TSA	15.00	G-1-F-M-T0	1.00E+02	TNTC	300	TNTC
grazing	6/13/2023	06/14/2023	TSA	15.00	G-1-F-M-T0	1.00E+01	TNTC	300	TNTC
grazing	6/13/2023	06/14/2023	TSA	15.00	G-2-F-M-T0	1.00E+05	11	300	3.67E+06
grazing	6/13/2023	06/14/2023	TSA	15.00	G-2-F-M-T0	1.00E+04	152	300	5.07E+06
grazing	6/13/2023	06/14/2023	TSA	15.00	G-2-F-M-T0	1.00E+03	TNTC	300	TNTC
grazing	6/13/2023	06/14/2023	TSA	15.00	G-2-F-M-T0	1.00E+02	TNTC	300	TNTC
grazing	6/13/2023	06/14/2023	TSA	15.00	G-2-F-M-T0	1.00E+01	TNTC	300	TNTC
grazing	6/13/2023	06/14/2023	TSA	15.00	G-1-25-M-T0	1.00E+05	11	300	3.67E+06
grazing	6/13/2023	06/14/2023	TSA	15.00	G-1-25-M-T0	1.00E+04	122	300	4.07E+06
grazing	6/13/2023	06/14/2023	TSA	15.00	G-1-25-M-T0	1.00E+03	TNTC	300	TNTC
grazing	6/13/2023	06/14/2023	TSA	15.00	G-1-25-M-T0	1.00E+02	TNTC	300	TNTC
grazing	6/13/2023	06/14/2023	TSA	15.00	G-1-25-M-T0	1.00E+01	TNTC	300	TNTC
grazing	6/13/2023	06/14/2023	TSA	15.00	G-2-25-M-T0	1.00E+05	24	300	8.00E+06
grazing	6/13/2023	06/14/2023	TSA	15.00	G-2-25-M-T0	1.00E+04	171	300	5.70E+06
grazing	6/13/2023	06/14/2023	TSA	15.00	G-2-25-M-T0	1.00E+03	TNTC	300	TNTC
grazing	6/13/2023	06/14/2023	TSA	15.00	G-2-25-M-T0	1.00E+02	TNTC	300	TNTC
grazing	6/13/2023	06/14/2023	TSA	15.00	G-2-25-M-T0	1.00E+01	TNTC	300	TNTC
grazing	6/13/2023	06/14/2023	TSA	15.00	G-1-50-M-T0	1.00E+05	10	300	3.33E+06
grazing	6/13/2023	06/14/2023	TSA	15.00	G-1-50-M-T0	1.00E+04	124	300	4.13E+06
grazing	6/13/2023	06/14/2023	TSA	15.00	G-1-50-M-T0	1.00E+03	TNTC	300	TNTC
grazing	6/13/2023	06/14/2023	TSA	15.00	G-1-50-M-T0	1.00E+02	TNTC	300	TNTC
grazing	6/13/2023	06/14/2023	TSA	15.00	G-1-50-M-T0	1.00E+01	TNTC	300	TNTC
grazing	6/13/2023	06/14/2023	TSA	15.00	G-2-50-M-T0	1.00E+05	19	300	6.33E+06
grazing	6/13/2023	06/14/2023	TSA	15.00	G-2-50-M-T0	1.00E+04	184	300	6.13E+06
grazing	6/13/2023	06/14/2023	TSA	15.00	G-2-50-M-T0	1.00E+03	TNTC	300	TNTC
grazing	6/13/2023	06/14/2023	TSA	15.00	G-2-50-M-T0	1.00E+02	TNTC	300	TNTC
grazing	6/13/2023	06/14/2023	TSA	15.00	G-2-50-M-T0	1.00E+01	TNTC	300	TNTC
grazing	6/13/2023	06/14/2023	TSA	15.00	G-1-75-M-T0	1.00E+05	23	300	7.67E+06
grazing	6/13/2023	06/14/2023	TSA	15.00	G-1-75-M-T0	1.00E+04	112	300	3.73E+06
grazing	6/13/2023	06/14/2023	TSA	15.00	G-1-75-M-T0	1.00E+03	TNTC	300	TNTC
grazing	6/13/2023	06/14/2023	TSA	15.00	G-1-75-M-T0	1.00E+02	TNTC	300	TNTC
grazing	6/13/2023	06/14/2023	TSA	15.00	G-1-75-M-T0	1.00E+01	TNTC	300	TNTC
grazing	6/13/2023	06/14/2023	TSA	15.00	G-2-75-M-T0	1.00E+05	10	300	3.33E+06
grazing	6/13/2023	06/14/2023	TSA	15.00	G-2-75-M-T0	1.00E+04	183	300	6.10E+06
grazing	6/13/2023	06/14/2023	TSA	15.00	G-2-75-M-T0	1.00E+03	TNTC	300	TNTC
grazing	6/13/2023	06/14/2023	TSA	15.00	G-2-75-M-T0	1.00E+02	TNTC	300	TNTC
grazing	6/13/2023	06/14/2023	TSA	15.00	G-2-75-M-T0	1.00E+01	TNTC	300	TNTC
grazing	6/13/2023	06/14/2023	TSA	15.00	G-1-R-M-T0	1.00E+05	27	300	9.00E+06
grazing	6/13/2023	06/14/2023	TSA	15.00	G-1-R-M-T0	1.00E+04	232	300	7.73E+06
grazing	6/13/2023	06/14/2023	TSA	15.00	G-1-R-M-T0	1.00E+03	TNTC	300	TNTC
grazing	6/13/2023	06/14/2023	TSA	15.00	G-1-R-M-T0	1.00E+02	TNTC	300	TNTC
grazing	6/13/2023	06/14/2023	TSA	15.00	G-1-R-M-T0	1.00E+01	TNTC	300	TNTC
grazing	6/13/2023	06/14/2023	TSA	15.00	G-2-R-M-T0	1.00E+05	16	300	5.33E+06
grazing	6/13/2023	06/14/2023	TSA	15.00	G-2-R-M-T0	1.00E+04	137	300	4.57E+06
grazing	6/13/2023	06/14/2023	TSA	15.00	G-2-R-M-T0	1.00E+03	TNTC	300	TNTC
grazing	6/13/2023	06/14/2023	TSA	15.00	G-2-R-M-T0	1.00E+02	TNTC	300	TNTC
grazing	6/13/2023	06/14/2023	TSA	15.00	G-2-R-M-T0	1.00E+01	TNTC	300	TNTC
grazing	6/13/2023	06/14/2023	TSA	15.00	G-1-C1-M-T0	1.00E+05	20	300	6.67E+06
grazing	6/13/2023	06/14/2023	TSA	15.00	G-1-C1-M-T0	1.00E+04	248	300	8.27E+06
grazing	6/13/2023	06/14/2023	TSA	15.00	G-1-C1-M-T0	1.00E+03	TNTC	300	TNTC
grazing	6/13/2023	06/14/2023	TSA	15.00	G-1-C1-M-T0	1.00E+02	TNTC	300	TNTC
grazing	6/13/2023	06/14/2023	TSA	15.00	G-1-C1-M-T0	1.00E+01	TNTC	300	TNTC
grazing	6/13/2023	06/14/2023	TSA	15.00	G-2-C1-M-T0	1.00E+05	31	300	1.03E+07
grazing	6/13/2023	06/14/2023	TSA	15.00	G-2-C1-M-T0	1.00E+04	224	300	7.47E+06
grazing	6/13/2023	06/14/2023	TSA	15.00	G-2-C1-M-T0	1.00E+03	TNTC	300	TNTC
grazing	6/13/2023	06/14/2023	TSA	15.00	G-2-C1-M-T0	1.00E+02	TNTC	300	TNTC
grazing	6/13/2023	06/14/2023	TSA	15.00	G-1-C1-M-T0	1.00E+01	TNTC	300	TNTC
grazing	6/13/2023	06/14/2023	TSA	15.00	G-1-C2-M-T0	1.00E+05	23	300	7.67E+06
grazing	6/13/2023	06/14/2023	TSA	15.00	G-1-C2-M-T0	1.00E+04	167	300	5.57E+06
grazing	6/13/2023	06/14/2023	TSA	15.00	G-1-C2-M-T0	1.00E+03	TNTC	300	TNTC
grazing	6/13/2023	06/14/2023	TSA	15.00	G-1-C2-M-T0	1.00E+02	TNTC	300	TNTC
grazing	6/13/2023	06/14/2023	TSA	15.00	G-1-C2-M-T0	1.00E+01	TNTC	300	TNTC
grazing	6/13/2023	06/14/2023	TSA	15.00	G-2-C2-M-T0	1.00E+05	31	300	1.03E+07
grazing	6/13/2023	06/14/2023	TSA	15.00	G-2-C2-M-T0	1.00E+04	224	300	7.47E+06
grazing	6/13/2023	06/14/2023	TSA	15.00	G-2-C2-M-T0	1.00E+03	TNTC	300	TNTC
grazing	6/13/2023	06/14/2023	TSA	15.00	G-2-C2-M-T0	1.00E+02	TNTC	300	TNTC
grazing	6/13/2023	06/14/2023	TSA	15.00	G-2-C2-M-T0	1.00E+01	TNTC	300	TNTC
grazing	6/13/2023	06/14/2023	TSA	NA	G-TSA-F-U-T0	1.00E+00	0	300	0.00E+00
grazing	6/13/2023	06/14/2023	TSA	NA	G-TSA-R-U-T0	1.00E+00	0	300	0.00E+00
grazing	6/13/2023	06/14/2023	TSA	NA	G-TSA-R-U-T0	1.00E+01	0	300	0.00E+00
grazing	6/13/2023	06/14/2023	TSA	NA	G-TSA-R-U-T0	1.00E+02	0	300	0.00E+00
grazing	6/13/2023	06/14/2023	TSA	NA	G-TSA-C2-U-T0	1.00E+00	0	300	0.00E+00
grazing	6/13/2023	06/14/2023	TSA	NA	G-TSA-C2-U-T0	1.00E+01	0	300	0.00E+00
grazing	6/13/2023	06/14/2023	TSA	NA	G-TSA-C2-U-T0	1.00E+02	0	300	0.00E+00
grazing	6/13/2023	06/14/2023	TSA	NA	-TSA-N-U-T0	1.00E+00	0	300	0.00E+00
grazing	6/13/2023	06/14/2023	TSA	NA	-TSA-M-	1.00E+07	TNTC	300	TNTC
grazing	6/13/2023	06/14/2023	TSA	NA	-TSA-M-	1.00E+08	TNTC	300	TNTC
grazing	6/13/2023	06/14/2023	TSA	NA	-TSA-M-	1.00E+09	143	300	4.77E+11
grazing	6/13/2023	06/14/2023	TSA	NA	-TSA-N-U-	1.00E+00	0	300	0.00E+00
grazing	6/13/2023	06/14/2023	TSA	NA	-TSA-F-	1.00E+00	0	300	0.00E+00
grazing	6/14/2023	06/15/2023	TSA	15.00	G-1-F-M-T1	1.00E+04	0	300	0.00E+00
grazing	6/14/2023	06/15/2023	TSA	15.00	G-1-F-M-T1	1.00E+03	0	300	0.00E+00
grazing	6/14/2023	06/15/2023	TSA	15.00	G-1-F-M-T1	1.00E+02	11	300	3.67E+03
grazing	6/14/2023	06/15/2023	TSA	15.00	G-1-F-M-T1	1.00E+01	106	300	3.53E+03
grazing	6/14/2023	06/15/2023	TSA	15.00	G-1-F-M-T1	1.00E+00	TNTC	300	TNTC
grazing	6/14/2023	06/15/2023	TSA	15.00	G-2-F-M-T1	1.00E+04	0	300	0.00E+00
grazing	6/14/2023	06/15/2023	TSA	15.00	G-2-F-M-T1	1.00E+03	1	300	3.33E+03
grazing	6/14/2023	06/15/2023	TSA	15.00	G-2-F-M-T1	1.00E+02	53	300	1.77E+04
grazing	6/14/2023	06/15/2023	TSA	15.00	G-2-F-M-T1	1.00E+01	366	300	1.22E+04
grazing	6/14/2023	06/15/2023	TSA	15.00	G-2-F-M-T1	1.00E+00	TNTC	300	TNTC
grazing	6/14/2023	06/15/2023	TSA	15.00	G-1-25-M-T1	1.00E+04	4	300	1.33E+05
grazing	6/14/2023	06/15/2023	TSA	15.00	G-1-25-M-T1	1.00E+03	62	300	2.07E+05
grazing	6/14/2023	06/15/2023	TSA	15.00	G-1-25-M-T1	1.00E+02	307	300	1.02E+05
grazing	6/14/2023	06/15/2023	TSA	15.00	G-1-25-M-T1	1.00E+01	TNTC	300	TNTC
grazing	6/14/2023	06/15/2023	TSA	15.00	G-1-25-M-T1	1.00E+00	TNTC	300	TNTC
grazing	6/14/2023	06/15/2023	TSA	15.00	G-2-25-M-T1	1.00E+04	0	300	0.00E+00
grazing	6/14/2023	06/15/2023	TSA	15.00	G-2-25-M-T1	1.00E+03	3	300	1.00E+04
grazing	6/14/2023	06/15/2023	TSA	15.00	G-2-25-M-T1	1.00E+02	33	300	1.10E+04
grazing	6/14/2023	06/15/2023	TSA	15.00	G-2-25-M-T1	1.00E+01	TNTC	300	TNTC
grazing	6/14/2023	06/15/2023	TSA	15.00	G-2-25-M-T1	1.00E+00	TNTC	300	TNTC
grazing	6/14/2023	06/15/2023	TSA	15.00	G-1-50-M-T1	1.00E+04	0	300	0.00E+00
grazing	6/14/2023	06/15/2023	TSA	15.00	G-1-50-M-T1	1.00E+03	5	300	1.67E+04
grazing	6/14/2023	06/15/2023	TSA	15.00	G-1-50-M-T1	1.00E+02	75	300	2.50E+04
grazing	6/14/2023	06/15/2023	TSA	15.00	G-1-50-M-T1	1.00E+01	TNTC	300	TNTC
grazing	6/14/2023	06/15/2023	TSA	15.00	G-1-50-M-T1	1.00E+00	TNTC	300	TNTC
grazing	6/14/2023	06/15/2023	TSA	15.00	G-2-50-M-T1	1.00E+04	1	300	3.33E+04
grazing	6/14/2023	06/15/2023	TSA	15.00	G-2-50-M-T1	1.00E+03	17	300	5.67E+04
grazing	6/14/2023	06/15/2023	TSA	15.00	G-2-50-M-T1	1.00E+02	95	300	3.17E+04
grazing	6/14/2023	06/15/2023	TSA	15.00	G-2-50-M-T1	1.00E+01	TNTC	300	TNTC
grazing	6/14/2023	06/15/2023	TSA	15.00	G-2-50-M-T1	1.00E+00	TNTC	300	TNTC
grazing	6/14/2023	06/15/2023	TSA	15.00	G-1-75-M-T1	1.00E+04	6	300	2.00E+05
grazing	6/14/2023	06/15/2023	TSA	15.00	G-1-75-M-T1	1.00E+03	75	300	2.50E+05
grazing	6/14/2023	06/15/2023	TSA	15.00	G-1-75-M-T1	1.00E+02	TNTC	300	TNTC
grazing	6/14/2023	06/15/2023	TSA	15.00	G-1-75-M-T1	1.00E+01	TNTC	300	TNTC
grazing	6/14/2023	06/15/2023	TSA	15.00	G-1-75-M-T1	1.00E+00	TNTC	300	TNTC
grazing	6/14/2023	06/15/2023	TSA	15.00	G-2-75-M-T1	1.00E+04	1	300	3.33E+04
grazing	6/14/2023	06/15/2023	TSA	15.00	G-2-75-M-T1	1.00E+03	32	300	1.07E+05
grazing	6/14/2023	06/15/2023	TSA	15.00	G-2-75-M-T1	1.00E+02	263	300	8.77E+04
grazing	6/14/2023	06/15/2023	TSA	15.00	G-2-75-M-T1	1.00E+01	TNTC	300	TNTC
grazing	6/14/2023	06/15/2023	TSA	15.00	G-2-75-M-T1	1.00E+00	TNTC	300	TNTC
grazing	6/14/2023	06/15/2023	TSA	15.00	G-1-R-M-T1	1.00E+04	5	300	1.67E+05
grazing	6/14/2023	06/15/2023	TSA	15.00	G-1-R-M-T1	1.00E+03	42	300	1.40E+05
grazing	6/14/2023	06/15/2023	TSA	15.00	G-1-R-M-T1	1.00E+02	281	300	9.37E+04
grazing	6/14/2023	06/15/2023	TSA	15.00	G-1-R-M-T1	1.00E+01	TNTC	300	TNTC
grazing	6/14/2023	06/15/2023	TSA	15.00	G-1-R-M-T1	1.00E+00	TNTC	300	TNTC
grazing	6/14/2023	06/15/2023	TSA	15.00	G-2-R-M-T1	1.00E+04	5	300	1.67E+05
grazing	6/14/2023	06/15/2023	TSA	15.00	G-2-R-M-T1	1.00E+03	53	300	1.77E+05
grazing	6/14/2023	06/15/2023	TSA	15.00	G-2-R-M-T1	1.00E+02	TNTC	300	TNTC
grazing	6/14/2023	06/15/2023	TSA	15.00	G-2-R-M-T1	1.00E+01	TNTC	300	TNTC
grazing	6/14/2023	06/15/2023	TSA	15.00	G-2-R-M-T1	1.00E+00	TNTC	300	TNTC
grazing	6/14/2023	06/15/2023	TSA	15.00	G-1-C1-M-T1	1.00E+04	22	300	7.33E+05
grazing	6/14/2023	06/15/2023	TSA	15.00	G-1-C1-M-T1	1.00E+03	148	300	4.93E+05
grazing	6/14/2023	06/15/2023	TSA	15.00	G-1-C1-M-T1	1.00E+02	TNTC	300	TNTC
grazing	6/14/2023	06/15/2023	TSA	15.00	G-1-C1-M-T1	1.00E+01	TNTC	300	TNTC
grazing	6/14/2023	06/15/2023	TSA	15.00	G-1-C1-M-T1	1.00E+00	TNTC	300	TNTC
grazing	6/14/2023	06/15/2023	TSA	15.00	G-2-C1-M-T1	1.00E+04	6	300	2.00E+05
grazing	6/14/2023	06/15/2023	TSA	15.00	G-2-C1-M-T1	1.00E+03	143	300	4.77E+05
grazing	6/14/2023	06/15/2023	TSA	15.00	G-2-C1-M-T1	1.00E+02	TNTC	300	TNTC
grazing	6/14/2023	06/15/2023	TSA	15.00	G-2-C1-M-T1	1.00E+01	TNTC	300	TNTC
grazing	6/14/2023	06/15/2023	TSA	15.00	G-2-C1-M-T1	1.00E+00	TNTC	300	TNTC
grazing	6/14/2023	06/15/2023	TSA	15.00	G-1-C2-M-T1	1.00E+04	6	300	2.00E+05
grazing	6/14/2023	06/15/2023	TSA	15.00	G-1-C2-M-T1	1.00E+03	102	300	3.40E+05
grazing	6/14/2023	06/15/2023	TSA	15.00	G-1-C2-M-T1	1.00E+02	TNTC	300	TNTC
grazing	6/14/2023	06/15/2023	TSA	15.00	G-1-C2-M-T1	1.00E+01	TNTC	300	TNTC
grazing	6/14/2023	06/15/2023	TSA	15.00	G-1-C2-M-T1	1.00E+00	TNTC	300	TNTC
grazing	6/14/2023	06/15/2023	TSA	15.00	G-2-C2-M-T1	1.00E+04	8	300	2.67E+05
grazing	6/14/2023	06/15/2023	TSA	15.00	G-2-C2-M-T1	1.00E+03	136	300	4.53E+05
grazing	6/14/2023	06/15/2023	TSA	15.00	G-2-C2-M-T1	1.00E+02	TNTC	300	TNTC
grazing	6/14/2023	06/15/2023	TSA	15.00	G-2-C2-M-T1	1.00E+01	TNTC	300	TNTC
grazing	6/14/2023	06/15/2023	TSA	15.00	G-2-C2-M-T1	1.00E+00	TNTC	300	TNTC
grazing	6/14/2023	06/15/2023	TSA	15.00	-TSA-N-U-	1.00E+00	0	300	0.00E+00
grazing	6/14/2023	06/15/2023	TSA	15.00	-TSA-N-U-T1	1.00E+00	0	300	0.00E+00
grazing	6/14/2023	06/15/2023	TSA	15.00	G-2-C2-M-T1	1.00E+05	1	300	3.33E+05
grazing	6/14/2023	06/15/2023	TSA	15.00	G-1-C2-M-T1	1.00E+05	2	300	6.67E+05
grazing	6/14/2023	06/15/2023	TSA	15.00	G-2-C1-M-T1	1.00E+05	2	300	6.67E+05
grazing	6/14/2023	06/15/2023	TSA	15.00	G-1-C1-M-T1	1.00E+05	1	300	3.33E+05
grazing	6/14/2023	06/15/2023	TSA	15.00	G-2-R-M-T1	1.00E+05	0	300	0.00E+00
